player_id,player_name,position,team_name,price,team_id,roll3_pts,roll5_pts,roll3_mins,roll3_goals,roll3_assists,roll3_clean,roll3_bonus,roll3_threat,roll3_creativity,roll3_influence,is_home,opponent_team,difficulty,pos_encoded,predicted_pts
1,David Raya Martín,Goalkeeper,Arsenal,6.0,1,5.0,4.4,90.0,0.0,0.0,0.6666666666666666,0.3333333333333333,0.0,3.3666666666666667,17.0,0,9,3,2,3.55
2,Kepa Arrizabalaga Revuelta,Goalkeeper,Arsenal,4.1,1,0.0,0.0,0.0,0.0,0.0,0.0,0.0,0.0,0.0,0.0,0,9,3,2,0.04
4,Tommy Setford,Goalkeeper,Arsenal,3.9,1,0.0,0.0,0.0,0.0,0.0,0.0,0.0,0.0,0.0,0.0,0,9,3,2,0.02
5,Gabriel dos Santos Magalhães,Defender,Arsenal,7.1,1,5.666666666666667,5.2,90.0,0.0,0.0,0.6666666666666666,0.0,9.0,2.9666666666666672,31.333333333333332,0,9,3,0,5.77
6,William Saliba,Defender,Arsenal,6.1,1,4.333333333333333,4.4,60.0,0.0,0.0,0.6666666666666666,0.0,0.0,3.1666666666666643,10.2,0,9,3,0,2.64
7,Riccardo Calafiori,Defender,Arsenal,5.6,1,2.6666666666666665,1.6,30.0,0.0,0.0,0.3333333333333333,0.0,3.6666666666666665,1.0666666666666667,2.133333333333333,0,9,3,0,2.22
8,Jurriën Timber,Defender,Arsenal,6.4,1,4.333333333333333,3.8,90.0,0.0,0.0,0.6666666666666666,0.0,5.0,13.83333333333333,11.066666666666668,0,9,3,0,4.07
10,Myles Lewis-Skelly,Defender,Arsenal,5.1,1,0.0,0.0,0.0,0.0,0.0,0.0,0.0,0.0,0.0,0.0,0,9,3,0,0.49
11,Benjamin White,Defender,Arsenal,5.1,1,0.0,1.4,0.0,0.0,0.0,0.0,0.0,0.0,0.0,0.0,0,9,3,0,0.41
13,Brayden Clarke,Defender,Arsenal,3.8,1,0.0,0.0,0.0,0.0,0.0,0.0,0.0,0.0,0.0,0.0,0,9,3,0,0.07
15,Josh Nichols,Defender,Arsenal,3.7,1,0.0,0.0,0.0,0.0,0.0,0.0,0.0,0.0,0.0,0.0,0,9,3,0,0.07
16,Bukayo Saka,Midfielder,Arsenal,9.8,1,0.3333333333333333,0.8,6.666666666666667,0.0,0.0,0.0,0.0,0.6666666666666666,0.10000000000000236,0.06666666666666667,0,9,3,3,1.82
18,Noni Madueke,Midfielder,Arsenal,6.8,1,8.666666666666666,5.6,62.666666666666664,0.6666666666666666,0.3333333333333333,0.6666666666666666,2.0,19.0,14.466666666666669,35.06666666666666,0,9,3,3,2.15
19,Gabriel Martinelli Silva,Midfielder,Arsenal,6.8,1,3.0,2.0,22.666666666666668,0.0,0.6666666666666666,0.0,0.0,19.666666666666668,9.233333333333333,18.2,0,9,3,3,2.16
20,Leandro Trossard,Midfielder,Arsenal,6.8,1,3.6666666666666665,2.8,82.66666666666667,0.0,0.3333333333333333,0.6666666666666666,0.0,13.0,29.133333333333336,18.533333333333328,0,9,3,3,3.33
21,Declan Rice,Midfielder,Arsenal,7.6,1,4.0,3.2,90.0,0.0,0.0,0.6666666666666666,0.0,4.333333333333333,41.800000000000004,18.666666666666668,0,9,3,3,4.73
24,Christian Nørgaard,Midfielder,Arsenal,5.1,1,0.3333333333333333,0.2,0.3333333333333333,0.0,0.0,0.0,0.0,0.0,0.0,0.3333333333333333,0,9,3,3,0.51
26,Martín Zubimendi Ibáñez,Midfielder,Arsenal,5.3,1,7.333333333333333,5.2,90.0,0.6666666666666666,0.0,0.6666666666666666,1.3333333333333333,15.333333333333334,4.1000000000000005,32.53333333333333,0,9,3,3,4.04
31,Gabriel Fernando de Jesus,Forward,Arsenal,6.4,1,2.0,1.6,24.333333333333332,0.3333333333333333,0.0,0.0,0.0,21.333333333333332,0.43333333333333335,13.533333333333333,0,9,3,1,2.09
266,Eberechi Eze,Midfielder,Arsenal,7.2,1,1.0,0.8,25.666666666666668,0.0,0.0,0.0,0.0,4.0,1.2,0.9333333333333332,0,9,3,3,2.31
662,Cristhian Mosquera,Defender,Arsenal,5.3,1,1.3333333333333333,0.8,30.0,0.0,0.0,0.0,0.0,0.0,0.9333333333333332,10.799999999999999,0,9,3,0,1.81
666,Viktor Gyökeres,Forward,Arsenal,8.8,1,6.666666666666667,4.4,65.0,1.0,0.0,0.3333333333333333,1.3333333333333333,33.333333333333336,9.333333333333334,34.800000000000004,0,9,3,1,1.99
711,Andre Harriman-Annous,Midfielder,Arsenal,4.4,1,0.0,0.0,0.0,0.0,0.0,0.0,0.0,0.0,0.0,0.0,0,9,3,3,0.05
725,Piero Hincapié,Defender,Arsenal,5.1,1,4.666666666666667,2.8,59.0,0.0,0.3333333333333333,0.3333333333333333,0.6666666666666666,3.3333333333333335,7.433333333333334,16.2,0,9,3,0,1.87
759,Marli Salmon,Defender,Arsenal,4.0,1,0.0,0.0,0.0,0.0,0.0,0.0,0.0,0.0,0.0,0.0,0,9,3,0,0.1
32,Emiliano Martínez Romero,Goalkeeper,Aston Villa,5.0,2,6.0,4.2,90.0,0.0,0.0,0.3333333333333333,1.6666666666666667,0.0,0.03333333333333333,30.46666666666667,1,2,2,2,2.93
37,Lucas Digne,Defender,Aston Villa,4.5,2,2.3333333333333335,3.4,33.333333333333336,0.0,0.3333333333333333,0.0,0.0,0.6666666666666666,8.266666666666667,11.666666666666666,1,2,2,0,1.67
38,Ezri Konsa Ngoyo,Defender,Aston Villa,4.4,2,3.3333333333333335,3.8,90.0,0.0,0.0,0.3333333333333333,0.0,1.3333333333333333,3.600000000000001,14.933333333333332,1,2,2,0,2.57
39,Ian Maatsen,Defender,Aston Villa,4.2,2,2.6666666666666665,2.2,64.33333333333333,0.0,0.0,0.3333333333333333,0.0,11.0,16.366666666666667,13.333333333333334,1,2,2,0,2.51
40,Tyrone Mings,Defender,Aston Villa,4.3,2,1.0,0.6,35.0,0.0,0.0,0.0,0.0,3.3333333333333335,0.3333333333333333,8.733333333333333,1,2,2,0,2.35
41,Pau Torres,Defender,Aston Villa,4.3,2,2.6666666666666665,2.0,54.666666666666664,0.0,0.0,0.3333333333333333,0.0,7.666666666666667,2.433333333333333,4.533333333333333,1,2,2,0,1.95
42,Andrés García,Defender,Aston Villa,3.9,2,0.0,0.0,0.0,0.0,0.0,0.0,0.0,0.0,0.0,0.0,1,2,2,0,0.13
44,Lamare Bogarde,Defender,Aston Villa,4.0,2,1.0,1.0,21.666666666666668,0.0,0.0,0.0,0.0,0.0,0.8666666666666667,2.466666666666667,1,2,2,0,1.3
47,Morgan Rogers,Midfielder,Aston Villa,7.6,2,6.666666666666667,5.0,90.0,0.3333333333333333,0.3333333333333333,0.3333333333333333,1.0,33.333333333333336,28.63333333333333,33.199999999999996,1,2,2,3,3.33
49,Leon Bailey,Midfielder,Aston Villa,5.5,2,1.0,0.6,33.333333333333336,0.0,0.0,0.0,0.0,7.666666666666667,13.366666666666665,4.666666666666667,1,2,2,3,2.98
50,Emiliano Buendía Stati,Midfielder,Aston Villa,5.3,2,4.666666666666667,3.4,76.33333333333333,0.3333333333333333,0.0,0.3333333333333333,0.3333333333333333,33.666666666666664,14.566666666666668,22.8,1,2,2,3,2.48
55,Ross Barkley,Midfielder,Aston Villa,4.8,2,0.3333333333333333,0.2,4.333333333333333,0.0,0.0,0.0,0.0,0.6666666666666666,3.533333333333333,3.1999999999999997,1,2,2,3,0.96
59,Amadou Onana,Midfielder,Aston Villa,4.8,2,3.0,1.8,59.333333333333336,0.0,0.0,0.3333333333333333,0.0,1.3333333333333333,5.700000000000002,16.933333333333334,1,2,2,3,2.88
64,Ollie Watkins,Forward,Aston Villa,8.6,2,3.3333333333333335,2.8,58.333333333333336,0.3333333333333333,0.0,0.3333333333333333,0.6666666666666666,29.0,9.333333333333332,17.266666666666666,1,2,2,1,3.23
389,Harvey Elliott,Midfielder,Aston Villa,5.1,2,0.3333333333333333,0.2,4.333333333333333,0.0,0.0,0.0,0.0,4.333333333333333,4.633333333333334,1.0666666666666667,1,2,2,3,1.1
456,Jadon Sancho,Midfielder,Aston Villa,5.8,2,2.6666666666666665,2.2,70.0,0.0,0.3333333333333333,0.0,0.0,12.0,19.833333333333332,13.533333333333333,1,2,2,3,3.23
688,James Wright,Goalkeeper,Aston Villa,3.9,2,0.0,0.0,0.0,0.0,0.0,0.0,0.0,0.0,0.0,0.0,1,2,2,2,0.07
699,Douglas Luiz Soares de Paulo,Midfielder,Aston Villa,4.9,2,1.3333333333333333,0.8,55.333333333333336,0.0,0.0,0.0,0.0,8.0,29.866666666666664,13.066666666666668,1,2,2,3,2.61
702,Bradley Burrowes,Midfielder,Aston Villa,4.4,2,0.0,0.0,0.0,0.0,0.0,0.0,0.0,0.0,0.0,0.0,1,2,2,3,0.11
703,Sam Proctor,Goalkeeper,Aston Villa,3.9,2,0.0,0.0,0.0,0.0,0.0,0.0,0.0,0.0,0.0,0.0,1,2,2,2,0.07
710,Travis Patterson,Defender,Aston Villa,3.9,2,0.0,0.0,0.0,0.0,0.0,0.0,0.0,0.0,0.0,0.0,1,2,2,0,0.13
719,Victor Lindelöf,Defender,Aston Villa,4.5,2,0.3333333333333333,1.4,0.3333333333333333,0.0,0.0,0.0,0.0,0.0,0.2333333333333333,0.9333333333333332,1,2,2,0,0.48
754,George Hemmings,Midfielder,Aston Villa,4.5,2,0.0,0.2,0.0,0.0,0.0,0.0,0.0,0.0,0.0,0.0,1,2,2,3,0.13
757,Ronnie Hollingshead,Goalkeeper,Aston Villa,4.0,2,0.0,0.0,0.0,0.0,0.0,0.0,0.0,0.0,0.0,0.0,1,2,2,2,0.09
768,Leon Routh,Defender,Aston Villa,4.0,2,0.0,0.0,0.0,0.0,0.0,0.0,0.0,0.0,0.0,0.0,1,2,2,0,0.14
781,TJ Carroll,Defender,Aston Villa,4.0,2,0.0,0.0,0.0,0.0,0.0,0.0,0.0,0.0,0.0,0.0,1,2,2,0,0.14
792,Alysson Edward Franco da Rocha dos Santos,Midfielder,Aston Villa,5.0,2,0.0,0.0,0.0,0.0,0.0,0.0,0.0,0.0,0.0,0.0,1,2,2,3,0.46
808,Tammy Abraham,Forward,Aston Villa,6.0,2,1.5,1.5,47.0,0.0,0.0,0.0,0.0,18.5,6.05,3.6,1,2,2,1,2.1
183,Max Weiß,Goalkeeper,Burnley,4.3,3,0.0,0.0,0.0,0.0,0.0,0.0,0.0,0.0,0.0,0.0,0,17,4,2,0.06
185,Václav Hladký,Goalkeeper,Burnley,3.9,3,0.0,0.0,0.0,0.0,0.0,0.0,0.0,0.0,0.0,0.0,0,17,4,2,0.06
187,Kyle Walker,Defender,Burnley,4.4,3,1.6666666666666667,1.6,90.0,0.0,0.3333333333333333,0.0,0.0,0.0,20.53333333333333,20.533333333333335,0,17,4,0,1.63
190,Hjalmar Ekdal,Defender,Burnley,3.9,3,0.0,0.2,0.0,0.0,0.0,0.0,0.0,0.0,0.0,0.0,0,17,4,0,0.13
191,Maxime Estève,Defender,Burnley,3.9,3,2.3333333333333335,2.4,90.0,0.0,0.0,0.0,0.0,2.6666666666666665,6.033333333333334,25.133333333333336,0,17,4,0,2.59
192,Quilindschy Hartman,Defender,Burnley,4.0,3,0.0,0.0,0.0,0.0,0.0,0.0,0.0,0.0,0.0,0.0,0,17,4,0,0.13
193,Bashir Humphreys,Defender,Burnley,3.9,3,1.3333333333333333,2.8,90.0,0.0,0.0,0.0,0.0,2.3333333333333335,14.899999999999999,20.13333333333333,0,17,4,0,1.97
195,Lucas Pires Silva,Defender,Burnley,3.8,3,1.0,1.6,90.0,0.0,0.0,0.0,0.0,1.3333333333333333,24.533333333333335,16.733333333333334,0,17,4,0,1.62
199,Joe Worrall,Defender,Burnley,3.8,3,0.0,0.0,0.0,0.0,0.0,0.0,0.0,0.0,0.0,0.0,0,17,4,0,0.11
200,Jaidon Anthony,Midfielder,Burnley,5.0,3,1.6666666666666667,2.6,78.0,0.0,0.0,0.0,0.0,12.0,21.866666666666674,10.266666666666667,0,17,4,3,2.51
202,Jacob Bruun Larsen,Midfielder,Burnley,5.3,3,0.6666666666666666,0.4,11.333333333333334,0.0,0.0,0.0,0.0,0.0,0.8999999999999995,0.4666666666666666,0,17,4,3,1.07
203,Enock Agyei,Midfielder,Burnley,4.7,3,0.0,0.0,0.0,0.0,0.0,0.0,0.0,0.0,0.0,0.0,0,17,4,3,0.13
206,Marcus Edwards,Midfielder,Burnley,4.7,3,2.0,4.0,72.66666666666667,0.0,0.0,0.0,0.0,13.666666666666666,10.533333333333333,5.2,0,17,4,3,1.55
207,Hannibal Mejbri,Midfielder,Burnley,4.7,3,1.0,0.8,31.666666666666668,0.0,0.0,0.0,0.0,0.6666666666666666,11.600000000000001,4.3999999999999995,0,17,4,3,1.68
209,Josh Laurent,Midfielder,Burnley,4.8,3,0.3333333333333333,1.2,37.0,0.0,0.0,0.0,0.0,1.3333333333333333,7.466666666666666,5.333333333333333,0,17,4,3,1.5
210,Loum Tchaouna,Midfielder,Burnley,4.9,3,0.6666666666666666,0.6,14.666666666666666,0.0,0.0,0.0,0.0,0.0,0.4999999999999994,0.9333333333333332,0,17,4,3,1.07
215,Zian Flemming,Forward,Burnley,5.3,3,1.0,0.6,31.0,0.0,0.0,0.0,0.0,25.0,1.9666666666666666,1.0666666666666667,0,17,4,1,1.86
217,Lyle Foster,Forward,Burnley,4.9,3,2.6666666666666665,1.8,35.333333333333336,0.3333333333333333,0.0,0.0,0.0,12.0,0.9333333333333332,13.266666666666666,0,17,4,1,2.12
218,Ashley Barnes,Forward,Burnley,4.2,3,0.0,-0.2,0.0,0.0,0.0,0.0,0.0,0.0,0.0,0.0,0,17,4,1,0.07
470,Martin Dúbravka,Goalkeeper,Burnley,4.0,3,2.3333333333333335,3.0,90.0,0.0,0.0,0.0,0.3333333333333333,0.0,0.0,34.6,0,17,4,2,3.07
614,James Ward-Prowse,Midfielder,Burnley,5.6,3,0.0,0.0,0.0,0.0,0.0,0.0,0.0,0.0,0.0,0.0,0,17,4,3,0.5
676,Lesley Ugochukwu,Midfielder,Burnley,5.0,3,1.6666666666666667,2.6,86.0,0.0,0.0,0.0,0.0,3.0,7.300000000000002,7.400000000000002,0,17,4,3,2.84
680,Armando Broja,Forward,Burnley,5.2,3,1.3333333333333333,1.6,35.333333333333336,0.0,0.0,0.0,0.0,8.0,1.2666666666666655,0.0,0,17,4,1,1.93
722,Florentino Ibrain Morris Luís,Midfielder,Burnley,5.0,3,2.0,3.0,58.333333333333336,0.0,0.0,0.0,0.0,1.3333333333333333,3.6666666666666656,4.933333333333334,0,17,4,3,1.7
776,Oliver Pimlott,Midfielder,Burnley,4.5,3,0.0,0.0,0.0,0.0,0.0,0.0,0.0,0.0,0.0,0.0,0,17,4,3,0.09
784,George Brierley,Midfielder,Burnley,4.5,3,0.0,0.0,0.0,0.0,0.0,0.0,0.0,0.0,0.0,0.0,0,17,4,3,0.09
67,Đorđe Petrović,Goalkeeper,Bournemouth,4.5,4,4.666666666666667,3.4,90.0,0.0,0.0,0.3333333333333333,0.6666666666666666,0.0,0.0,28.2,0,10,2,2,3.06
69,Callan McKenna,Goalkeeper,Bournemouth,3.9,4,0.0,0.0,0.0,0.0,0.0,0.0,0.0,0.0,0.0,0.0,0,10,2,2,0.02
72,Marcos Senesi Barón,Defender,Bournemouth,4.8,4,4.333333333333333,4.4,90.0,0.0,0.0,0.3333333333333333,0.0,14.333333333333334,5.5666666666666655,22.533333333333335,0,10,2,0,3.97
73,Adam Smith,Defender,Bournemouth,4.4,4,2.6666666666666665,1.6,61.333333333333336,0.0,0.0,0.3333333333333333,0.0,0.0,1.3,8.666666666666666,0,10,2,0,1.17
74,Adrien Truffert,Defender,Bournemouth,4.5,4,3.6666666666666665,3.2,90.0,0.0,0.0,0.3333333333333333,0.0,1.3333333333333333,2.8666666666666667,16.266666666666666,0,10,2,0,3.29
76,Owen Bevan,Defender,Bournemouth,3.8,4,0.0,0.0,0.0,0.0,0.0,0.0,0.0,0.0,0.0,0.0,0,10,2,0,0.07
77,James Hill,Defender,Bournemouth,4.0,4,6.666666666666667,5.0,90.0,0.0,0.6666666666666666,0.3333333333333333,0.0,1.3333333333333333,9.166666666666666,32.46666666666666,0,10,2,0,4.89
85,Tyler Adams,Midfielder,Bournemouth,4.9,4,0.0,0.0,0.0,0.0,0.0,0.0,0.0,0.0,0.0,0.0,0,10,2,3,0.37
86,David Brooks,Midfielder,Bournemouth,5.0,4,0.3333333333333333,1.0,1.0,0.0,0.0,0.0,0.0,0.6666666666666666,0.09999999999999763,0.0,0,10,2,3,0.74
87,Ryan Christie,Midfielder,Bournemouth,4.9,4,1.0,0.8,23.333333333333332,0.0,0.0,0.0,0.0,13.666666666666666,16.1,9.799999999999999,0,10,2,3,1.69
88,Lewis Cook,Midfielder,Bournemouth,4.9,4,3.6666666666666665,3.6,90.0,0.0,0.0,0.3333333333333333,0.0,0.6666666666666666,16.8,19.066666666666666,0,10,2,3,3.18
90,Alex Scott,Midfielder,Bournemouth,5.0,4,6.666666666666667,5.6,90.0,0.3333333333333333,0.3333333333333333,0.3333333333333333,1.0,21.0,14.366666666666665,28.666666666666668,0,10,2,3,3.67
97,Francisco Evanilson de Lima Barbosa,Forward,Bournemouth,7.0,4,4.0,4.0,87.66666666666667,0.3333333333333333,0.0,0.3333333333333333,0.6666666666666666,41.333333333333336,23.166666666666668,18.466666666666665,0,10,2,1,2.4
98,Enes Ünal,Forward,Bournemouth,5.4,4,1.0,0.8,2.3333333333333335,0.0,0.0,0.0,0.0,1.3333333333333333,0.19999999999999998,0.39999999999999997,0,10,2,1,1.2
100,Junior Kroupi,Forward,Bournemouth,4.7,4,3.3333333333333335,3.8,65.66666666666667,0.3333333333333333,0.0,0.3333333333333333,0.3333333333333333,13.0,10.633333333333335,15.0,0,10,2,1,2.34
685,Bafodé Diakité,Defender,Bournemouth,4.2,4,0.3333333333333333,0.6,0.3333333333333333,0.0,0.0,0.0,0.0,0.0,0.0,0.0,0,10,2,0,0.24
687,Remy Rees-Dottin,Midfielder,Bournemouth,4.3,4,0.0,0.0,0.0,0.0,0.0,0.0,0.0,0.0,0.0,0.0,0,10,2,3,0.04
697,Amine Adli,Midfielder,Bournemouth,5.4,4,5.666666666666667,4.8,82.33333333333333,0.3333333333333333,0.3333333333333333,0.3333333333333333,0.3333333333333333,24.666666666666668,30.166666666666668,27.933333333333326,0,10,2,3,4.96
713,Álex Jiménez Sánchez,Defender,Bournemouth,4.5,4,4.333333333333333,3.0,84.66666666666667,0.3333333333333333,0.0,0.3333333333333333,0.0,23.0,6.866666666666667,26.53333333333333,0,10,2,0,2.97
721,Veljko Milosavljevic,Defender,Bournemouth,4.4,4,0.0,0.4,0.0,0.0,0.0,0.0,0.0,0.0,0.0,0.0,0,10,2,0,0.14
756,Malcom DaCosta,Midfielder,Bournemouth,4.5,4,0.0,0.0,0.0,0.0,0.0,0.0,0.0,0.0,0.0,0.0,0,10,2,3,0.07
782,Fraser Forster,Goalkeeper,Bournemouth,4.0,4,0.0,0.0,0.0,0.0,0.0,0.0,0.0,0.0,0.0,0.0,0,10,2,2,0.04
799,Charlie Stevens,Midfielder,Bournemouth,4.5,4,0.0,0.0,0.0,0.0,0.0,0.0,0.0,0.0,0.0,0.0,0,10,2,3,0.07
801,Alex Tóth,Midfielder,Bournemouth,5.0,4,0.6666666666666666,0.6666666666666666,3.0,0.0,0.0,0.0,0.0,1.3333333333333333,0.13333333333333333,0.39999999999999997,0,10,2,3,0.98
806,Christos Mandas,Goalkeeper,Bournemouth,4.0,4,0.0,0.0,0.0,0.0,0.0,0.0,0.0,0.0,0.0,0.0,0,10,2,2,0.04
807,Rayan Vitor Simplício Rocha,Midfielder,Bournemouth,5.5,4,6.5,6.5,54.0,0.5,0.5,0.0,1.0,15.5,17.65,28.4,0,10,2,3,3.47
27,Reiss Nelson,Midfielder,Brentford,4.8,5,0.0,0.2,0.0,0.0,0.0,0.0,0.0,0.0,0.0,0.0,1,16,3,3,0.18
83,Dango Ouattara,Midfielder,Brentford,5.8,5,7.0,4.4,67.33333333333333,0.6666666666666666,0.3333333333333333,0.0,1.3333333333333333,32.333333333333336,23.46666666666667,35.4,1,16,3,3,3.16
101,Caoimhín Kelleher,Goalkeeper,Brentford,4.6,5,4.0,5.2,90.0,0.0,0.0,0.3333333333333333,1.0,0.0,0.0,17.266666666666662,1,16,3,2,2.35
102,Ellery Balcombe,Goalkeeper,Brentford,3.9,5,0.0,0.0,0.0,0.0,0.0,0.0,0.0,0.0,0.0,0.0,1,16,3,2,0.07
104,Julian Eyestone,Goalkeeper,Brentford,3.9,5,0.0,0.0,0.0,0.0,0.0,0.0,0.0,0.0,0.0,0.0,1,16,3,2,0.07
105,Hákon Rafn Valdimarsson,Goalkeeper,Brentford,3.9,5,0.0,0.0,0.0,0.0,0.0,0.0,0.0,0.0,0.0,0.0,1,16,3,2,0.07
106,Nathan Collins,Defender,Brentford,5.0,5,0.6666666666666666,3.2,40.0,0.0,0.0,0.0,0.0,5.0,0.8333333333333345,8.066666666666661,1,16,3,0,2.45
107,Keane Lewis-Potter,Defender,Brentford,4.8,5,1.0,2.0,34.0,0.0,0.0,0.0,0.0,5.0,0.6,3.466666666666667,1,16,3,0,2.5
108,Kristoffer Ajer,Defender,Brentford,4.4,5,3.6666666666666665,3.6,72.0,0.0,0.0,0.3333333333333333,0.0,5.666666666666667,0.6666666666666666,19.733333333333334,1,16,3,0,3.01
109,Rico Henry,Defender,Brentford,4.3,5,3.0,3.2,79.66666666666667,0.0,0.0,0.3333333333333333,0.0,1.0,5.5,7.133333333333334,1,16,3,0,2.54
110,Michael Kayode,Defender,Brentford,4.5,5,2.3333333333333335,2.8,86.66666666666667,0.0,0.0,0.3333333333333333,0.0,0.0,11.033333333333333,9.399999999999997,1,16,3,0,2.42
111,Ethan Pinnock,Defender,Brentford,4.2,5,0.0,0.0,0.0,0.0,0.0,0.0,0.0,0.0,0.0,0.0,1,16,3,0,0.16
113,Sepp van den Berg,Defender,Brentford,4.5,5,3.3333333333333335,2.0,77.66666666666667,0.0,0.0,0.3333333333333333,0.6666666666666666,3.6666666666666665,4.233333333333333,18.133333333333336,1,16,3,0,3.3
116,Aaron Hickey,Defender,Brentford,4.0,5,0.6666666666666666,0.8,9.666666666666666,0.0,0.0,0.0,0.0,0.0,0.19999999999999998,5.466666666666666,1,16,3,0,0.82
120,Kevin Schade,Midfielder,Brentford,6.9,5,0.0,1.4,43.666666666666664,0.0,0.0,0.0,0.0,10.0,9.9,3.4,1,16,3,3,2.24
121,Mikkel Damsgaard,Midfielder,Brentford,5.6,5,0.6666666666666666,1.4,13.0,0.0,0.0,0.0,0.0,3.3333333333333335,4.833333333333331,1.9333333333333356,1,16,3,3,1.23
124,Jordan Henderson,Midfielder,Brentford,5.0,5,1.0,0.8,41.0,0.0,0.0,0.0,0.0,0.0,1.4333333333333333,3.9333333333333336,1,16,3,3,2.07
125,Vitaly Janelt,Midfielder,Brentford,4.9,5,5.0,4.6,90.0,0.3333333333333333,0.0,0.3333333333333333,1.0,7.666666666666667,17.266666666666666,27.066666666666666,1,16,3,3,3.04
126,Mathias Jensen,Midfielder,Brentford,4.9,5,4.333333333333333,3.6,83.66666666666667,0.0,0.6666666666666666,0.3333333333333333,0.0,9.666666666666666,23.46666666666667,15.266666666666666,1,16,3,3,3.2
129,Yehor Yarmoliuk,Midfielder,Brentford,5.0,5,1.6666666666666667,3.0,48.0,0.0,0.0,0.0,0.0,1.3333333333333333,2.3666666666666667,9.666666666666666,1,16,3,3,2.23
130,Romelle Donovan,Midfielder,Brentford,4.4,5,0.3333333333333333,0.4,3.3333333333333335,0.0,0.0,0.0,0.0,3.0,0.13333333333333333,0.6666666666666666,1,16,3,3,0.85
136,Igor Thiago Nascimento Rodrigues,Forward,Brentford,7.0,5,3.0,4.6,90.0,0.3333333333333333,0.0,0.3333333333333333,0.0,11.0,6.133333333333333,15.199999999999998,1,16,3,1,4.51
797,Kaye Furo,Forward,Brentford,4.5,5,0.0,0.0,0.0,0.0,0.0,0.0,0.0,0.0,0.0,0.0,1,16,3,1,0.11
810,Luka Bentt,Midfielder,Brentford,4.5,5,0.0,0.0,0.0,0.0,0.0,0.0,0.0,0.0,0.0,0.0,1,16,3,3,0.1
138,Jason Steele,Goalkeeper,Brighton,4.2,6,0.0,0.0,0.0,0.0,0.0,0.0,0.0,0.0,0.0,0.0,0,15,4,2,0.08
139,Bart Verbruggen,Goalkeeper,Brighton,4.5,6,2.3333333333333335,2.4,90.0,0.0,0.0,0.0,0.0,0.0,0.0,23.266666666666666,0,15,4,2,2.89
140,Tom McGill,Goalkeeper,Brighton,3.9,6,0.0,0.0,0.0,0.0,0.0,0.0,0.0,0.0,0.0,0.0,0,15,4,2,0.06
143,Olivier Boscagli,Defender,Brighton,4.2,6,3.0,2.0,59.0,0.0,0.3333333333333333,0.0,0.0,1.3333333333333333,4.433333333333334,18.2,0,15,4,0,1.51
145,Maxim De Cuyper,Defender,Brighton,4.3,6,3.0,2.0,47.0,0.0,0.0,0.3333333333333333,0.0,4.666666666666667,5.933333333333334,5.733333333333333,0,15,4,0,1.64
146,Lewis Dunk,Defender,Brighton,4.5,6,3.6666666666666665,3.2,90.0,0.0,0.0,0.0,0.0,15.0,5.333333333333333,29.733333333333334,0,15,4,0,2.63
148,Ferdi Kadıoğlu,Defender,Brighton,4.4,6,1.6666666666666667,1.8,90.0,0.0,0.0,0.0,0.0,5.666666666666667,13.500000000000002,16.933333333333334,0,15,4,0,2.54
149,Igor Julio dos Santos de Paulo,Defender,Brighton,4.5,6,0.0,0.0,0.0,0.0,0.0,0.0,0.0,0.0,0.0,0.0,0,15,4,0,0.24
151,Jan Paul van Hecke,Defender,Brighton,4.4,6,1.0,2.4,60.0,0.0,0.0,0.0,0.0,3.6666666666666665,2.8000000000000003,12.333333333333334,0,15,4,0,1.89
152,Joël Veltman,Defender,Brighton,4.3,6,0.3333333333333333,0.6,6.666666666666667,0.0,0.0,0.0,0.0,0.0,0.16666666666666666,2.2666666666666666,0,15,4,0,0.76
156,Charlie Tasker,Defender,Brighton,3.8,6,0.0,0.0,0.0,0.0,0.0,0.0,0.0,0.0,0.0,0.0,0,15,4,0,0.11
157,Mitoma Kaoru,Midfielder,Brighton,6.1,6,2.0,3.2,90.0,0.0,0.0,0.0,0.0,17.333333333333332,20.599999999999998,8.733333333333334,0,15,4,3,3.43
158,Georginio Rutter,Midfielder,Brighton,5.6,6,1.3333333333333333,1.4,47.333333333333336,0.0,0.0,0.0,0.0,5.333333333333333,5.466666666666666,1.4000000000000048,0,15,4,3,2.2
160,Yankuba Minteh,Midfielder,Brighton,5.6,6,1.0,0.8,19.333333333333332,0.0,0.0,0.0,0.0,4.666666666666667,3.8666666666666667,1.4000000000000001,0,15,4,3,1.83
163,Jack Hinshelwood,Midfielder,Brighton,5.1,6,0.3333333333333333,1.6,2.6666666666666665,0.0,0.0,0.0,0.0,0.0,0.5333333333333333,0.5333333333333333,0,15,4,3,0.82
164,Matt O'Riley,Midfielder,Brighton,5.5,6,0.3333333333333333,0.2,2.6666666666666665,0.0,0.0,0.0,0.0,0.0,0.26666666666666666,0.26666666666666666,0,15,4,3,0.91
167,Carlos Baleba,Midfielder,Brighton,4.5,6,3.3333333333333335,2.2,80.0,0.0,0.0,0.0,0.0,1.3333333333333333,6.266666666666667,7.333333333333333,0,15,4,3,2.45
169,Diego Gómez Amarilla,Midfielder,Brighton,4.9,6,0.6666666666666666,1.2,33.0,0.0,0.0,0.0,0.0,1.3333333333333333,1.0666666666666667,5.3999999999999995,0,15,4,3,1.77
170,James Milner,Midfielder,Brighton,4.9,6,0.6666666666666666,0.6,3.3333333333333335,0.0,0.0,0.0,0.0,0.0,0.5333333333333333,0.19999999999999998,0,15,4,3,0.95
173,Mats Wieffer,Midfielder,Brighton,4.9,6,0.0,0.0,0.0,0.0,0.0,0.0,0.0,0.0,0.0,0.0,0,15,4,3,0.42
178,Danny Welbeck,Forward,Brighton,6.1,6,1.6666666666666667,1.4,58.333333333333336,0.0,0.0,0.3333333333333333,0.0,23.666666666666668,5.533333333333334,4.800000000000001,0,15,4,1,2.51
181,Charalampos Kostoulas,Forward,Brighton,4.8,6,1.0,2.2,34.333333333333336,0.0,0.0,0.0,0.0,9.0,2.733333333333333,4.866666666666666,0,15,4,1,1.91
744,Nehemiah Oriola,Midfielder,Brighton,4.5,6,0.0,0.0,0.0,0.0,0.0,0.0,0.0,0.0,0.0,0.0,0,15,4,3,0.1
761,Freddie Simmonds,Defender,Brighton,4.0,6,0.0,0.0,0.0,0.0,0.0,0.0,0.0,0.0,0.0,0.0,0,15,4,0,0.14
783,Pascal Groß,Midfielder,Brighton,5.5,6,5.333333333333333,4.0,89.0,0.3333333333333333,0.0,0.3333333333333333,1.0,9.666666666666666,43.63333333333333,27.46666666666667,0,15,4,3,2.64
795,Harry Howell,Midfielder,Brighton,4.5,6,0.6666666666666666,0.4,23.333333333333332,0.0,0.0,0.0,0.0,0.0,1.2666666666666666,2.0,0,15,4,3,1.0
220,Robert Lynch Sánchez,Goalkeeper,Chelsea,4.9,7,2.3333333333333335,4.0,90.0,0.0,0.0,0.0,0.0,0.0,0.0,34.13333333333333,1,13,1,2,3.81
223,Gabriel Słonina,Goalkeeper,Chelsea,3.9,7,0.0,0.0,0.0,0.0,0.0,0.0,0.0,0.0,0.0,0.0,1,13,1,2,0.09
225,Reece James,Defender,Chelsea,5.6,7,2.3333333333333335,3.0,29.666666666666668,0.0,0.0,0.3333333333333333,0.0,1.3333333333333333,8.533333333333333,6.599999999999993,1,13,1,0,1.91
226,Trevoh Chalobah,Defender,Chelsea,5.8,7,3.6666666666666665,4.4,90.0,0.0,0.0,0.0,0.0,0.6666666666666666,1.7333333333333332,26.8,1,13,1,0,4.62
228,Malo Gusto,Defender,Chelsea,4.9,7,1.3333333333333333,1.2,56.666666666666664,0.0,0.0,0.0,0.0,7.666666666666667,16.133333333333333,12.599999999999994,1,13,1,0,2.87
229,Benoît Badiashile Mukinayi,Defender,Chelsea,4.4,7,1.3333333333333333,0.8,45.0,0.0,0.0,0.0,0.0,0.6666666666666666,0.5666666666666668,15.0,1,13,1,0,2.98
230,Wesley Fofana,Defender,Chelsea,4.4,7,2.3333333333333335,1.4,50.666666666666664,0.0,0.3333333333333333,0.0,0.0,0.0,5.8999999999999995,22.0,1,13,1,0,2.16
231,Mamadou Sarr,Defender,Chelsea,4.5,7,0.0,0.0,0.0,0.0,0.0,0.0,0.0,0.0,0.0,0.0,1,13,1,0,0.27
232,Tosin Adarabioyo,Defender,Chelsea,4.0,7,0.0,0.6,0.0,0.0,0.0,0.0,0.0,0.0,0.0,0.0,1,13,1,0,0.16
233,Josh Acheampong,Defender,Chelsea,3.7,7,0.3333333333333333,0.6,5.0,0.0,0.0,0.0,0.0,0.0,0.5666666666666667,2.8666666666666667,1,13,1,0,0.73
235,Cole Palmer,Midfielder,Chelsea,10.6,7,7.333333333333333,6.4,50.0,1.0,0.0,0.0,1.0,23.0,3.3666666666666667,36.6,1,13,1,3,4.94
236,Pedro Lomba Neto,Midfielder,Chelsea,7.0,7,2.3333333333333335,3.0,75.66666666666667,0.0,0.0,0.3333333333333333,0.0,8.0,19.700000000000003,6.8666666666666645,1,13,1,3,2.88
237,Enzo Fernández,Midfielder,Chelsea,6.9,7,6.0,5.0,90.0,0.6666666666666666,0.0,0.0,1.0,26.0,28.5,34.06666666666667,1,13,1,3,3.9
238,Estêvão Almeida de Oliveira Gonçalves,Midfielder,Chelsea,6.4,7,4.333333333333333,2.6,24.333333333333332,0.3333333333333333,0.3333333333333333,0.3333333333333333,0.6666666666666666,13.666666666666666,4.3999999999999995,17.333333333333332,1,13,1,3,2.22
241,Moisés Caicedo Corozo,Midfielder,Chelsea,5.7,7,3.3333333333333335,3.8,84.0,0.0,0.0,0.3333333333333333,0.3333333333333333,5.0,15.133333333333333,13.6,1,13,1,3,2.97
246,Andrey Nascimento dos Santos,Midfielder,Chelsea,4.5,7,1.6666666666666667,1.4,57.666666666666664,0.0,0.0,0.0,0.0,0.0,6.933333333333334,11.133333333333335,1,13,1,3,2.18
249,João Pedro Junqueira de Jesus,Forward,Chelsea,7.7,7,10.0,7.8,67.66666666666667,0.6666666666666666,1.3333333333333333,0.3333333333333333,2.0,27.333333333333332,10.233333333333333,37.266666666666666,1,13,1,1,4.06
250,Liam Delap,Forward,Chelsea,6.2,7,2.3333333333333335,3.6,36.666666666666664,0.0,0.3333333333333333,0.0,0.0,18.0,1.4666666666666668,2.266666666666667,1,13,1,1,1.66
252,Marc Guiu Paz,Forward,Chelsea,4.2,7,0.0,0.0,0.0,0.0,0.0,0.0,0.0,0.0,0.0,0.0,1,13,1,1,0.11
453,Alejandro Garnacho Ferreyra,Midfielder,Chelsea,6.4,7,0.6666666666666666,0.6,24.666666666666668,0.0,0.0,0.0,0.0,2.6666666666666665,5.1000000000000005,1.6000000000000003,1,13,1,3,1.9
672,Jorrel Hato,Defender,Chelsea,4.6,7,0.6666666666666666,0.8,20.0,0.0,0.0,0.0,0.0,0.0,4.166666666666667,6.6000000000000005,1,13,1,0,1.55
743,Landon Emenalo,Midfielder,Chelsea,4.5,7,0.0,0.0,0.0,0.0,0.0,0.0,0.0,0.0,0.0,0.0,1,13,1,3,0.14
789,Max Merrick,Goalkeeper,Chelsea,4.0,7,0.0,0.0,0.0,0.0,0.0,0.0,0.0,0.0,0.0,0.0,1,13,1,2,0.1
803,Teddy Sharman-Lowe,Goalkeeper,Chelsea,4.0,7,0.0,0.0,0.0,0.0,0.0,0.0,0.0,0.0,0.0,0.0,1,13,1,2,0.1
253,Dean Henderson,Goalkeeper,Crystal Palace,5.0,8,3.6666666666666665,4.0,90.0,0.0,0.0,0.3333333333333333,0.6666666666666666,0.0,0.0,12.133333333333333,1,12,2,2,3.86
254,Walter Benítez,Goalkeeper,Crystal Palace,4.0,8,0.0,0.0,0.0,0.0,0.0,0.0,0.0,0.0,0.0,0.0,1,12,2,2,0.11
255,Remi Matthews,Goalkeeper,Crystal Palace,3.9,8,0.0,0.0,0.0,0.0,0.0,0.0,0.0,0.0,0.0,0.0,1,12,2,2,0.1
256,Daniel Muñoz Mejía,Defender,Crystal Palace,5.9,8,2.6666666666666665,1.6,85.0,0.0,0.0,0.3333333333333333,0.0,5.0,26.599999999999998,16.0,1,12,2,0,3.31
257,Maxence Lacroix,Defender,Crystal Palace,5.1,8,4.666666666666667,4.6,90.0,0.0,0.0,0.3333333333333333,1.0,26.666666666666668,1.7,22.53333333333333,1,12,2,0,4.26
258,Tyrick Mitchell,Defender,Crystal Palace,5.0,8,3.0,2.8,81.33333333333333,0.0,0.0,0.3333333333333333,0.0,2.6666666666666665,11.233333333333333,14.533333333333331,1,12,2,0,3.65
259,Borna Sosa,Defender,Crystal Palace,4.8,8,0.3333333333333333,0.4,8.333333333333334,0.0,0.0,0.0,0.0,0.0,0.43333333333333335,2.1333333333333333,1,12,2,0,1.14
261,Chris Richards,Defender,Crystal Palace,4.4,8,5.333333333333333,3.6,90.0,0.3333333333333333,0.0,0.3333333333333333,0.6666666666666666,13.0,6.333333333333332,30.53333333333333,1,12,2,0,2.92
262,Chadi Riad Dnanou,Defender,Crystal Palace,4.0,8,1.6666666666666667,1.0,24.666666666666668,0.0,0.3333333333333333,0.0,0.0,2.6666666666666665,4.766666666666667,10.200000000000001,1,12,2,0,1.4
263,Nathaniel Clyne,Defender,Crystal Palace,3.8,8,0.0,0.0,0.0,0.0,0.0,0.0,0.0,0.0,0.0,0.0,1,12,2,0,0.14
267,Ismaïla Sarr,Midfielder,Crystal Palace,6.4,8,5.666666666666667,3.4,89.0,0.6666666666666666,0.0,0.3333333333333333,0.0,24.0,10.666666666666666,24.400000000000002,1,12,2,3,4.18
270,Will Hughes,Midfielder,Crystal Palace,4.7,8,1.6666666666666667,2.6,60.0,0.0,0.0,0.3333333333333333,0.0,4.666666666666667,23.96666666666667,7.133333333333333,1,12,2,3,2.19
271,Daichi Kamada,Midfielder,Crystal Palace,5.0,8,0.3333333333333333,0.2,4.333333333333333,0.0,0.0,0.0,0.0,0.0,0.0,0.8666666666666673,1,12,2,3,0.93
272,Jefferson Lerma Solís,Midfielder,Crystal Palace,4.9,8,5.0,3.4,90.0,0.0,0.3333333333333333,0.3333333333333333,0.6666666666666666,32.0,7.3,18.066666666666666,1,12,2,3,3.69
273,Adam Wharton,Midfielder,Crystal Palace,5.0,8,0.6666666666666666,1.2,54.0,0.0,0.0,0.3333333333333333,0.0,1.6666666666666667,4.83333333333334,1.8666666666666665,1,12,2,3,2.41
274,Asher Agbinone,Midfielder,Crystal Palace,4.3,8,0.0,0.0,0.0,0.0,0.0,0.0,0.0,0.0,0.0,0.0,1,12,2,3,0.12
276,Justin Devenny,Midfielder,Crystal Palace,4.3,8,0.0,1.0,0.0,0.0,0.0,0.0,0.0,0.0,0.0,0.0,1,12,2,3,0.12
281,Kaden Rodney,Midfielder,Crystal Palace,4.4,8,0.0,0.0,0.0,0.0,0.0,0.0,0.0,0.0,0.0,0.0,1,12,2,3,0.12
286,Zach Marsh,Forward,Crystal Palace,4.4,8,0.0,0.0,0.0,0.0,0.0,0.0,0.0,0.0,0.0,0.0,1,12,2,1,0.13
580,Brennan Johnson,Midfielder,Crystal Palace,6.5,8,1.6666666666666667,1.8,55.666666666666664,0.0,0.0,0.0,0.0,7.666666666666667,7.966666666666668,2.6666666666666665,1,12,2,3,2.18
654,Jørgen Strand Larsen,Forward,Crystal Palace,6.1,8,1.0,1.6,51.666666666666664,0.0,0.0,0.3333333333333333,0.0,17.666666666666668,4.6000000000000005,2.4666666666666663,1,12,2,1,3.76
677,Evann Guessand,Midfielder,Crystal Palace,6.2,8,1.3333333333333333,1.2,11.333333333333334,0.0,0.3333333333333333,0.0,0.0,0.6666666666666666,3.600000000000001,7.6000000000000005,1,12,2,3,1.43
712,Yéremy Pino Santos,Midfielder,Crystal Palace,5.8,8,1.0,3.0,56.666666666666664,0.0,0.0,0.0,0.0,2.0,27.833333333333332,6.933333333333334,1,12,2,3,2.55
723,Jaydee Canvot,Defender,Crystal Palace,4.5,8,0.0,2.0,21.333333333333332,0.0,0.0,0.0,0.0,0.0,0.5666666666666667,0.0,1,12,2,0,1.05
732,Christantus Uche,Forward,Crystal Palace,5.5,8,0.6666666666666666,0.4,11.333333333333334,0.0,0.0,0.0,0.0,0.3333333333333333,0.5666666666666668,0.0,1,12,2,1,1.22
762,Joél Drakes-Thomas,Midfielder,Crystal Palace,4.5,8,0.0,0.0,0.0,0.0,0.0,0.0,0.0,0.0,0.0,0.0,1,12,2,3,0.15
773,Dean Benamar,Defender,Crystal Palace,4.0,8,0.0,0.0,0.0,0.0,0.0,0.0,0.0,0.0,0.0,0.0,1,12,2,0,0.17
780,Ben Casey,Forward,Crystal Palace,4.5,8,0.0,0.0,0.0,0.0,0.0,0.0,0.0,0.0,0.0,0.0,1,12,2,1,0.16
793,George King,Defender,Crystal Palace,4.0,8,0.0,0.0,0.0,0.0,0.0,0.0,0.0,0.0,0.0,0.0,1,12,2,0,0.17
242,Kiernan Dewsbury-Hall,Midfielder,Everton,4.9,9,5.333333333333333,3.2,71.0,0.3333333333333333,0.3333333333333333,0.0,1.0,16.333333333333332,15.199999999999998,16.866666666666667,1,5,3,3,2.52
243,Tyrique George,Midfielder,Everton,4.8,9,0.3333333333333333,0.2,7.0,0.0,0.0,0.0,0.0,2.0,0.39999999999999997,0.0,1,5,3,3,0.9
287,Jordan Pickford,Goalkeeper,Everton,5.6,9,2.3333333333333335,4.0,90.0,0.0,0.0,0.0,0.0,0.0,0.0,22.866666666666664,1,5,3,2,3.97
288,Mark Travers,Goalkeeper,Everton,4.3,9,0.0,0.0,0.0,0.0,0.0,0.0,0.0,0.0,0.0,0.0,1,5,3,2,0.05
290,Jarrad Branthwaite,Defender,Everton,5.3,9,1.0,0.6,46.0,0.0,0.0,0.0,0.0,2.6666666666666665,5.133333333333334,8.6,1,5,3,0,2.97
291,James Tarkowski,Defender,Everton,5.7,9,2.6666666666666665,4.0,90.0,0.0,0.0,0.0,0.0,9.0,2.0333333333333337,17.2,1,5,3,0,3.57
292,Vitalii Mykolenko,Defender,Everton,4.9,9,1.3333333333333333,2.4,58.0,0.0,0.3333333333333333,0.0,0.0,1.6666666666666667,15.433333333333332,9.26666666666667,1,5,3,0,2.35
294,Séamus Coleman,Defender,Everton,4.2,9,0.0,0.0,0.0,0.0,0.0,0.0,0.0,0.0,0.0,0.0,1,5,3,0,0.1
295,Michael Keane,Defender,Everton,4.7,9,2.0,2.2,60.0,0.0,0.0,0.0,0.0,9.666666666666666,0.43333333333333335,13.666666666666671,1,5,3,0,2.36
296,Nathan Patterson,Defender,Everton,4.4,9,1.0,2.4,23.666666666666668,0.0,0.0,0.0,0.0,0.0,1.4333333333333333,6.066666666666666,1,5,3,0,0.68
298,Reece Welch,Defender,Everton,3.8,9,0.0,0.0,0.0,0.0,0.0,0.0,0.0,0.0,0.0,0.0,1,5,3,0,0.07
299,Iliman Ndiaye,Midfielder,Everton,6.2,9,2.0,1.2,90.0,0.0,0.0,0.0,0.0,8.666666666666666,13.366666666666667,10.333333333333336,1,5,3,3,5.12
300,Dwight McNeil,Midfielder,Everton,5.5,9,0.3333333333333333,1.6,15.0,0.0,0.0,0.0,0.0,0.6666666666666666,0.4333333333333322,1.1333333333333333,1,5,3,3,1.06
301,Carlos Alcaraz Durán,Midfielder,Everton,5.2,9,0.3333333333333333,0.2,3.6666666666666665,0.0,0.0,0.0,0.0,0.0,0.16666666666666666,1.2,1,5,3,3,0.84
302,Idrissa Gana Gueye,Midfielder,Everton,5.4,9,3.0,1.8,86.33333333333333,0.0,0.3333333333333333,0.0,0.3333333333333333,9.333333333333334,17.633333333333333,15.0,1,5,3,3,3.82
303,James Garner,Midfielder,Everton,5.2,9,3.3333333333333335,4.0,90.0,0.0,0.0,0.0,0.3333333333333333,5.666666666666667,30.566666666666666,19.266666666666666,1,5,3,3,3.53
304,Tim Iroegbunam,Midfielder,Everton,4.8,9,0.3333333333333333,1.6,3.6666666666666665,0.0,0.0,0.0,0.0,0.0,0.06666666666666667,0.0,1,5,3,3,0.66
305,Harrison Armstrong,Midfielder,Everton,4.5,9,1.6666666666666667,2.4,64.0,0.0,0.0,0.0,0.0,2.6666666666666665,5.5,5.6000000000000005,1,5,3,3,1.24
306,Callum Bates,Midfielder,Everton,4.3,9,0.0,0.0,0.0,0.0,0.0,0.0,0.0,0.0,0.0,0.0,1,5,3,3,0.05
307,Coby Ebere,Midfielder,Everton,4.4,9,0.0,0.0,0.0,0.0,0.0,0.0,0.0,0.0,0.0,0.0,1,5,3,3,0.05
310,Thierno Barry,Forward,Everton,5.7,9,4.333333333333333,4.6,81.33333333333333,0.3333333333333333,0.0,0.0,1.0,26.0,13.566666666666668,14.6,1,5,3,1,3.02
311,Norberto Bercique Gomes Betuncal,Forward,Everton,5.0,9,3.0,2.2,7.666666666666667,0.3333333333333333,0.0,0.0,0.6666666666666666,12.333333333333334,0.09999999999999999,12.0,1,5,3,1,1.46
630,Tom King,Goalkeeper,Everton,3.9,9,0.0,0.0,0.0,0.0,0.0,0.0,0.0,0.0,0.0,0.0,1,5,3,2,0.03
667,Adam Aznou,Defender,Everton,4.2,9,0.0,0.0,0.0,0.0,0.0,0.0,0.0,0.0,0.0,0.0,1,5,3,0,0.1
707,Tyler Dibling,Midfielder,Everton,5.3,9,0.6666666666666666,0.4,9.666666666666666,0.0,0.0,0.0,0.0,1.3333333333333333,4.1000000000000005,1.7333333333333334,1,5,3,3,1.13
728,Merlin Röhl,Midfielder,Everton,5.0,9,0.0,0.8,0.0,0.0,0.0,0.0,0.0,0.0,0.0,0.0,1,5,3,3,0.4
779,Braiden Graham,Forward,Everton,4.5,9,0.0,0.0,0.0,0.0,0.0,0.0,0.0,0.0,0.0,0.0,1,5,3,1,0.08
314,Bernd Leno,Goalkeeper,Fulham,4.9,10,1.3333333333333333,2.0,90.0,0.0,0.0,0.0,0.0,0.0,0.0,23.266666666666662,0,8,4,2,3.45
316,Antonee Robinson,Defender,Fulham,4.9,10,0.6666666666666666,1.2,42.666666666666664,0.0,0.0,0.0,0.0,0.6666666666666666,5.266666666666669,7.3999999999999995,0,8,4,0,2.2
317,Joachim Andersen,Defender,Fulham,4.5,10,3.0,2.6,90.0,0.0,0.3333333333333333,0.0,0.3333333333333333,14.333333333333334,11.199999999999998,26.266666666666666,0,8,4,0,2.94
318,Calvin Bassey,Defender,Fulham,4.4,10,0.3333333333333333,0.2,1.3333333333333333,0.0,0.0,0.0,0.0,0.6666666666666666,0.3333333333333333,2.1999999999999997,0,8,4,0,0.82
319,Timothy Castagne,Defender,Fulham,4.3,10,2.3333333333333335,1.8,87.33333333333333,0.0,0.0,0.0,0.0,1.3333333333333333,4.833333333333334,17.933333333333334,0,8,4,0,2.21
320,Issa Diop,Defender,Fulham,4.3,10,0.0,0.6,0.0,0.0,0.0,0.0,0.0,0.0,0.0,0.0,0,8,4,0,0.1
321,Jorge Cuenca Barreno,Defender,Fulham,4.3,10,2.3333333333333335,2.0,88.33333333333333,0.0,0.0,0.0,0.0,2.6666666666666665,7.766666666666667,22.066666666666666,0,8,4,0,2.45
322,Kenny Tete,Defender,Fulham,4.5,10,0.3333333333333333,0.2,2.3333333333333335,0.0,0.0,0.0,0.0,0.0,6.6000000000000005,2.1333333333333333,0,8,4,0,0.77
323,Samuel Amissah,Defender,Fulham,3.8,10,0.0,0.0,0.0,0.0,0.0,0.0,0.0,0.0,0.0,0.0,0,8,4,0,0.07
324,Alex Iwobi,Midfielder,Fulham,6.3,10,2.6666666666666665,1.6,89.0,0.0,0.0,0.0,0.6666666666666666,5.0,31.2,13.333333333333334,0,8,4,3,3.92
325,Emile Smith Rowe,Midfielder,Fulham,5.6,10,2.0,2.8,73.33333333333333,0.0,0.0,0.0,0.0,10.333333333333334,7.933333333333336,5.266666666666667,0,8,4,3,2.37
328,Ryan Sessegnon,Midfielder,Fulham,5.4,10,2.3333333333333335,2.2,46.666666666666664,0.0,0.3333333333333333,0.0,0.0,3.3333333333333335,14.333333333333334,17.599999999999998,0,8,4,3,2.56
329,Harry Wilson,Midfielder,Fulham,6.0,10,4.666666666666667,5.0,90.0,0.3333333333333333,0.0,0.0,1.0,15.666666666666666,23.233333333333338,18.0,0,8,4,3,3.93
330,Sander Berge,Midfielder,Fulham,4.9,10,1.6666666666666667,3.4,90.0,0.0,0.0,0.0,0.0,6.333333333333333,9.366666666666669,14.200000000000003,0,8,4,3,3.22
335,Josh King,Midfielder,Fulham,4.4,10,1.3333333333333333,1.0,0.6666666666666666,0.0,0.3333333333333333,0.0,0.0,0.0,0.03333333333333341,0.06666666666666667,0,8,4,3,0.35
336,Harrison Reed,Midfielder,Fulham,4.3,10,0.0,0.2,0.0,0.0,0.0,0.0,0.0,0.0,0.0,0.0,0,8,4,3,0.04
337,Raúl Jiménez Rodríguez,Forward,Fulham,6.1,10,4.333333333333333,4.0,84.66666666666667,0.3333333333333333,0.3333333333333333,0.3333333333333333,0.0,38.666666666666664,17.033333333333335,22.133333333333336,0,8,4,1,2.08
338,Rodrigo Muniz Carvalho,Forward,Fulham,5.3,10,0.3333333333333333,0.2,5.0,0.0,0.0,0.0,0.0,3.3333333333333335,0.0,0.0,0,8,4,1,0.95
424,Oscar Bobb,Midfielder,Fulham,5.1,10,0.3333333333333333,0.2,2.3333333333333335,0.0,0.0,0.0,0.0,0.0,0.19999999999999998,0.06666666666666667,0,8,4,3,0.8
664,Benjamin Lecomte,Goalkeeper,Fulham,3.9,10,0.0,0.0,0.0,0.0,0.0,0.0,0.0,0.0,0.0,0.0,0,8,4,2,0.02
727,Samuel Chukwueze,Midfielder,Fulham,5.3,10,3.6666666666666665,2.2,61.0,0.3333333333333333,0.0,0.3333333333333333,0.0,18.333333333333332,16.599999999999998,18.066666666666666,0,8,4,3,2.54
731,Kevin Santos Lopes de Macedo,Midfielder,Fulham,5.8,10,2.6666666666666665,2.0,30.666666666666668,0.3333333333333333,0.0,0.0,0.0,5.666666666666667,5.533333333333332,12.066666666666665,0,8,4,3,1.98
737,Jonah Kusi-Asare,Forward,Fulham,4.5,10,0.0,0.0,0.0,0.0,0.0,0.0,0.0,0.0,0.0,0.0,0,8,4,1,0.07
770,Seth Ridgeon,Midfielder,Fulham,4.5,10,0.0,0.0,0.0,0.0,0.0,0.0,0.0,0.0,0.0,0.0,0,8,4,3,0.07
786,Alfie McNally,Goalkeeper,Fulham,4.0,10,0.0,0.0,0.0,0.0,0.0,0.0,0.0,0.0,0.0,0.0,0,8,4,2,0.04
168,Facundo Buonanotte,Midfielder,Leeds,4.6,11,0.3333333333333333,0.2,8.0,0.0,0.0,0.0,0.0,3.6666666666666665,0.19999999999999998,0.13333333333333333,0,11,4,3,0.94
339,Illan Meslier,Goalkeeper,Leeds,4.1,11,0.0,0.0,0.0,0.0,0.0,0.0,0.0,0.0,0.0,0.0,0,11,4,2,0.04
340,Alex Cairns,Goalkeeper,Leeds,3.9,11,0.0,0.0,0.0,0.0,0.0,0.0,0.0,0.0,0.0,0.0,0,11,4,2,0.02
341,Karl Darlow,Goalkeeper,Leeds,3.9,11,2.0,2.4,90.0,0.0,0.0,0.0,0.0,0.0,0.0,30.666666666666668,0,11,4,2,2.09
342,Jayden Bogle,Defender,Leeds,4.4,11,3.3333333333333335,3.2,90.0,0.3333333333333333,0.0,0.0,0.0,13.666666666666666,11.333333333333334,24.733333333333334,0,11,4,0,2.42
344,Jaka Bijol,Defender,Leeds,3.9,11,0.0,0.6,0.0,0.0,0.0,0.0,0.0,0.0,0.0,0.0,0,11,4,0,0.08
345,Sebastiaan Bornauw,Defender,Leeds,3.8,11,1.6666666666666667,1.4,28.333333333333332,0.0,0.0,0.0,0.0,0.0,0.06666666666666667,11.266666666666666,0,11,4,0,1.18
346,Sam Byram,Defender,Leeds,3.8,11,0.0,0.0,0.0,0.0,0.0,0.0,0.0,0.0,0.0,0.0,0,11,4,0,0.07
347,Gabriel Gudmundsson,Defender,Leeds,3.8,11,0.3333333333333333,1.4,60.0,0.0,0.0,0.0,0.0,2.6666666666666665,7.2,11.399999999999999,0,11,4,0,1.29
348,Joe Rodon,Defender,Leeds,3.9,11,3.3333333333333335,3.4,90.0,0.0,0.0,0.0,0.0,2.3333333333333335,0.6333333333333334,22.599999999999998,0,11,4,0,3.28
350,Brenden Aaronson,Midfielder,Leeds,5.4,11,3.0,5.2,77.0,0.0,0.0,0.3333333333333333,0.0,10.0,10.433333333333335,8.466666666666667,0,11,4,3,2.68
351,Wilfried Gnonto,Midfielder,Leeds,5.2,11,0.3333333333333333,0.6,3.0,0.0,0.0,0.0,0.0,0.6666666666666666,0.26666666666666666,0.0,0,11,4,3,0.83
354,Ethan Ampadu,Midfielder,Leeds,4.9,11,2.6666666666666665,3.6,90.0,0.0,0.0,0.0,0.0,0.6666666666666666,6.866666666666667,10.6,0,11,4,3,3.03
356,Ilia Gruev,Midfielder,Leeds,4.7,11,4.666666666666667,4.8,66.66666666666667,0.0,0.6666666666666666,0.3333333333333333,1.0,13.666666666666666,17.9,20.133333333333333,0,11,4,3,1.94
358,Tanaka Ao,Midfielder,Leeds,4.8,11,0.3333333333333333,0.6,8.0,0.0,0.0,0.0,0.0,0.0,1.0999999999999999,2.1333333333333333,0,11,4,3,0.83
362,Joël Piroe,Forward,Leeds,4.9,11,0.3333333333333333,0.2,1.6666666666666667,0.0,0.0,0.0,0.0,0.0,0.43333333333333335,0.6666666666666666,0,11,4,1,0.77
365,Lukas Nmecha,Forward,Leeds,5.0,11,0.0,1.6,0.0,0.0,0.0,0.0,0.0,0.0,0.0,0.0,0,11,4,1,0.42
493,Sean Longstaff,Midfielder,Leeds,4.8,11,1.0,0.6,19.333333333333332,0.0,0.0,0.0,0.0,3.6666666666666665,5.333333333333333,3.0,0,11,4,3,1.67
665,Lucas Estella Perri,Goalkeeper,Leeds,4.5,11,0.0,0.2,0.0,0.0,0.0,0.0,0.0,0.0,0.0,0.0,0,11,4,2,0.07
691,Dominic Calvert-Lewin,Forward,Leeds,5.9,11,3.6666666666666665,4.2,88.0,0.3333333333333333,0.0,0.0,0.3333333333333333,18.333333333333332,4.1000000000000005,13.733333333333333,0,11,4,1,3.33
706,James Justin,Defender,Leeds,3.9,11,5.333333333333333,5.0,75.0,0.3333333333333333,0.3333333333333333,0.0,1.0,21.333333333333332,22.566666666666666,29.399999999999995,0,11,4,0,0.95
787,Sam Chambers,Midfielder,Leeds,4.4,11,0.0,0.0,0.0,0.0,0.0,0.0,0.0,0.0,0.0,0.0,0,11,4,3,0.05
366,Alisson Becker,Goalkeeper,Liverpool,5.4,12,1.3333333333333333,3.2,90.0,0.0,0.0,0.0,0.0,0.0,0.0,21.066666666666666,0,7,3,2,4.31
367,Giorgi Mamardashvili,Goalkeeper,Liverpool,4.1,12,0.0,0.0,0.0,0.0,0.0,0.0,0.0,0.0,0.0,0.0,0,7,3,2,0.04
368,Ármin Pécsi,Goalkeeper,Liverpool,3.8,12,0.0,0.0,0.0,0.0,0.0,0.0,0.0,0.0,0.0,0.0,0,7,3,2,0.01
369,Freddie Woodman,Goalkeeper,Liverpool,3.9,12,0.0,0.0,0.0,0.0,0.0,0.0,0.0,0.0,0.0,0.0,0,7,3,2,0.02
371,Milos Kerkez,Defender,Liverpool,5.6,12,2.0,3.2,75.0,0.0,0.3333333333333333,0.0,0.0,1.3333333333333333,14.333333333333334,16.400000000000002,0,7,3,0,2.79
372,Andrew Robertson,Defender,Liverpool,5.7,12,0.3333333333333333,0.4,15.0,0.0,0.0,0.0,0.0,2.6666666666666665,4.233333333333333,1.9333333333333333,0,7,3,0,1.41
373,Virgil van Dijk,Defender,Liverpool,5.9,12,4.333333333333333,4.2,90.0,0.3333333333333333,0.0,0.0,0.0,24.333333333333332,5.266666666666666,33.86666666666667,0,7,3,0,9.54
374,Ibrahima Konaté,Defender,Liverpool,5.4,12,4.0,4.2,60.0,0.3333333333333333,0.0,0.0,0.3333333333333333,7.333333333333333,0.6333333333333333,24.666666666666668,0,7,3,0,3.3
376,Joe Gomez,Defender,Liverpool,4.9,12,0.0,0.2,11.0,0.0,0.0,0.0,0.0,0.6666666666666666,0.19999999999999998,1.5333333333333332,0,7,3,0,1.28
378,Amara Nallo,Defender,Liverpool,3.7,12,0.0,0.0,0.0,0.0,0.0,0.0,0.0,0.0,0.0,0.0,0,7,3,0,0.07
379,Rhys Williams,Defender,Liverpool,3.7,12,0.0,0.0,0.0,0.0,0.0,0.0,0.0,0.0,0.0,0.0,0,7,3,0,0.07
380,Calvin Ramsay,Defender,Liverpool,3.8,12,0.0,0.0,0.0,0.0,0.0,0.0,0.0,0.0,0.0,0.0,0,7,3,0,0.07
381,Mohamed Salah,Midfielder,Liverpool,14.0,12,4.0,2.4,87.66666666666667,0.0,0.6666666666666666,0.0,0.0,48.0,31.866666666666664,15.266666666666666,0,7,3,3,4.93
382,Florian Wirtz,Midfielder,Liverpool,8.4,12,5.333333333333333,5.8,88.66666666666667,0.3333333333333333,0.3333333333333333,0.0,0.6666666666666666,17.666666666666668,28.866666666666664,25.46666666666667,0,7,3,3,4.43
384,Cody Gakpo,Midfielder,Liverpool,7.3,12,2.6666666666666665,2.6,82.33333333333333,0.0,0.0,0.0,0.0,13.0,24.0,11.6,0,7,3,3,3.41
385,Federico Chiesa,Midfielder,Liverpool,6.3,12,0.6666666666666666,0.6,2.3333333333333335,0.0,0.0,0.0,0.0,6.333333333333333,0.19999999999999998,1.5333333333333334,0,7,3,3,1.23
386,Alexis Mac Allister,Midfielder,Liverpool,6.2,12,1.3333333333333333,1.4,79.33333333333333,0.0,0.0,0.0,0.0,5.666666666666667,13.133333333333335,9.133333333333331,0,7,3,3,2.92
387,Dominik Szoboszlai,Midfielder,Liverpool,6.7,12,8.666666666666666,5.8,90.0,0.6666666666666666,0.3333333333333333,0.0,2.0,11.666666666666666,40.53333333333334,47.06666666666666,0,7,3,3,4.66
388,Curtis Jones,Midfielder,Liverpool,5.4,12,1.0,1.6,14.0,0.0,0.0,0.0,0.0,2.3333333333333335,2.5,2.533333333333333,0,7,3,3,1.38
390,Ryan Gravenberch,Midfielder,Liverpool,5.5,12,3.3333333333333335,3.0,90.0,0.0,0.3333333333333333,0.0,0.0,3.0,17.166666666666668,17.66666666666667,0,7,3,3,3.99
396,Trey Nyoni,Midfielder,Liverpool,4.3,12,0.0,0.0,0.0,0.0,0.0,0.0,0.0,0.0,0.0,0.0,0,7,3,3,0.04
661,Hugo Ekitiké,Forward,Liverpool,8.9,12,5.333333333333333,3.6,68.0,0.6666666666666666,0.0,0.0,1.0,34.333333333333336,13.799999999999999,25.466666666666665,0,7,3,1,2.62
686,Rio Ngumoha,Midfielder,Liverpool,4.3,12,0.3333333333333333,0.4,5.333333333333333,0.0,0.0,0.0,0.0,2.6666666666666665,0.5,0.3333333333333333,0,7,3,3,0.81
746,Kieran Morrison,Midfielder,Liverpool,4.5,12,0.0,0.0,0.0,0.0,0.0,0.0,0.0,0.0,0.0,0.0,0,7,3,3,0.07
760,Wellity Lucky,Defender,Liverpool,4.0,12,0.0,0.0,0.0,0.0,0.0,0.0,0.0,0.0,0.0,0.0,0,7,3,0,0.1
82,Antoine Semenyo,Midfielder,Man City,7.9,13,5.666666666666667,5.0,90.0,0.6666666666666666,0.0,0.3333333333333333,0.0,31.0,9.299999999999999,25.466666666666665,1,6,3,3,8.28
182,James Trafford,Goalkeeper,Man City,4.5,13,0.0,0.0,0.0,0.0,0.0,0.0,0.0,0.0,0.0,0.0,1,6,3,2,0.07
260,Marc Guéhi,Defender,Man City,5.2,13,4.0,3.6,90.0,0.0,0.0,0.3333333333333333,0.0,22.333333333333332,8.366666666666667,29.2,1,6,3,0,4.18
401,Marcus Bettinelli,Goalkeeper,Man City,3.8,13,0.0,0.0,0.0,0.0,0.0,0.0,0.0,0.0,0.0,0.0,1,6,3,2,0.02
402,Rayan Aït-Nouri,Defender,Man City,5.7,13,1.3333333333333333,1.0,53.0,0.0,0.0,0.0,0.0,8.0,5.833333333333333,6.466666666666666,1,6,3,0,3.25
405,Nathan Aké,Defender,Man City,5.3,13,0.3333333333333333,0.8,0.3333333333333333,0.0,0.0,0.0,0.0,0.0,3.333333333333332,1.6666666666666667,1,6,3,0,0.99
406,Abdukodir Khusanov,Defender,Man City,5.4,13,4.0,3.4,80.0,0.0,0.0,0.6666666666666666,0.0,1.3333333333333333,4.766666666666667,12.800000000000002,1,6,3,0,3.39
407,Matheus Nunes,Defender,Man City,5.4,13,5.666666666666667,3.8,90.0,0.0,0.6666666666666666,0.3333333333333333,1.0,1.3333333333333333,17.8,19.466666666666665,1,6,3,0,3.79
408,Rúben dos Santos Gato Alves Dias,Defender,Man City,5.5,13,0.3333333333333333,0.2,9.666666666666666,0.0,0.0,0.0,0.0,0.3333333333333333,0.26666666666666666,1.7333333333333358,1,6,3,0,1.16
409,John Stones,Defender,Man City,5.4,13,0.0,0.0,0.0,0.0,0.0,0.0,0.0,0.0,0.0,0.0,1,6,3,0,0.44
410,Rico Lewis,Defender,Man City,4.6,13,0.0,0.2,0.0,0.0,0.0,0.0,0.0,0.0,0.0,0.0,1,6,3,0,0.16
411,Nico O'Reilly,Defender,Man City,4.9,13,3.0,1.8,90.0,0.0,0.0,0.3333333333333333,0.0,2.3333333333333335,13.96666666666667,13.466666666666669,1,6,3,0,3.89
413,Omar Marmoush,Midfielder,Man City,8.3,13,4.333333333333333,2.6,44.666666666666664,0.3333333333333333,0.0,0.6666666666666666,0.6666666666666666,13.666666666666666,18.400000000000002,12.799999999999999,1,6,3,3,2.93
414,Phil Foden,Midfielder,Man City,8.2,13,0.6666666666666666,1.0,10.333333333333334,0.0,0.0,0.0,0.0,0.0,10.433333333333335,3.2000000000000006,1,6,3,3,2.19
416,Bernardo Mota Veiga de Carvalho e Silva,Midfielder,Man City,6.2,13,6.0,4.4,89.0,0.3333333333333333,0.6666666666666666,0.3333333333333333,0.3333333333333333,9.0,36.03333333333333,38.8,1,6,3,3,4.56
417,Rayan Cherki,Midfielder,Man City,6.5,13,4.0,2.8,56.333333333333336,0.3333333333333333,0.0,0.3333333333333333,0.3333333333333333,17.666666666666668,14.333333333333334,14.0,1,6,3,3,3.15
421,Rodrigo 'Rodri' Hernandez Cascante,Midfielder,Man City,6.3,13,3.3333333333333335,2.8,90.0,0.0,0.0,0.3333333333333333,0.0,2.0,28.5,24.200000000000003,1,6,3,3,4.25
423,Nico González Iglesias,Midfielder,Man City,5.9,13,0.0,0.8,6.666666666666667,0.0,0.0,0.0,0.0,0.0,0.6,2.2666666666666666,1,6,3,3,0.87
427,Tijjani Reijnders,Midfielder,Man City,5.1,13,1.3333333333333333,1.4,27.0,0.0,0.0,0.3333333333333333,0.0,5.666666666666667,6.599999999999999,0.0,1,6,3,3,1.49
428,Sverre Nypan,Midfielder,Man City,5.0,13,0.0,0.0,0.0,0.0,0.0,0.0,0.0,0.0,0.0,0.0,1,6,3,3,0.4
736,Gianluigi Donnarumma,Goalkeeper,Man City,5.6,13,4.333333333333333,3.2,90.0,0.0,0.0,0.3333333333333333,0.6666666666666666,0.0,0.0,20.400000000000002,1,6,3,2,4.04
742,Ryan McAidoo,Midfielder,Man City,4.5,13,0.0,0.0,0.0,0.0,0.0,0.0,0.0,0.0,0.0,0.0,1,6,3,3,0.07
763,Charlie Gray,Midfielder,Man City,4.5,13,0.0,0.0,0.0,0.0,0.0,0.0,0.0,0.0,0.0,0.0,1,6,3,3,0.07
764,Reigan Heskey,Midfielder,Man City,4.5,13,0.0,0.0,0.0,0.0,0.0,0.0,0.0,0.0,0.0,0.0,1,6,3,3,0.07
119,Bryan Mbeumo,Midfielder,Man Utd,8.6,14,6.666666666666667,5.8,81.33333333333333,0.6666666666666666,0.0,0.3333333333333333,1.0,25.333333333333332,22.96666666666667,27.2,0,19,3,3,4.59
431,Altay Bayındır,Goalkeeper,Man Utd,4.7,14,0.0,0.0,0.0,0.0,0.0,0.0,0.0,0.0,0.0,0.0,0,19,3,2,0.14
434,Tom Heaton,Goalkeeper,Man Utd,3.9,14,0.0,0.0,0.0,0.0,0.0,0.0,0.0,0.0,0.0,0.0,0,19,3,2,0.07
435,Dermot Mee,Goalkeeper,Man Utd,3.9,14,0.0,0.0,0.0,0.0,0.0,0.0,0.0,0.0,0.0,0.0,0,19,3,2,0.07
437,Lisandro Martínez,Defender,Man Utd,4.8,14,2.3333333333333335,3.2,90.0,0.0,0.0,0.3333333333333333,0.3333333333333333,0.6666666666666666,7.066666666666666,20.133333333333333,0,19,3,0,3.13
438,Noussair Mazraoui,Defender,Man Utd,4.9,14,1.0,0.6,3.0,0.0,0.0,0.0,0.0,2.6666666666666665,0.13333333333333333,2.8666666666666667,0,19,3,0,1.25
439,Diego León Blanco,Defender,Man Utd,4.2,14,0.0,0.0,0.0,0.0,0.0,0.0,0.0,0.0,0.0,0.0,0,19,3,0,0.2
440,Diogo Dalot Teixeira,Defender,Man Utd,4.5,14,5.0,4.2,88.33333333333333,0.0,0.3333333333333333,0.3333333333333333,1.0,4.333333333333333,20.266666666666666,24.333333333333332,0,19,3,0,2.83
442,Harry Maguire,Defender,Man Utd,4.3,14,3.6666666666666665,3.4,90.0,0.0,0.0,0.3333333333333333,0.0,13.333333333333334,0.9666666666666667,21.0,0,19,3,0,2.85
443,Luke Shaw,Defender,Man Utd,4.5,14,2.6666666666666665,2.8,88.66666666666667,0.0,0.0,0.3333333333333333,0.0,5.333333333333333,4.266666666666665,8.133333333333335,0,19,3,0,3.06
444,Leny Yoro,Defender,Man Utd,4.1,14,0.3333333333333333,0.4,0.3333333333333333,0.0,0.0,0.0,0.0,0.0,0.0,0.33333333333333454,0,19,3,0,0.38
446,Tyler Fredricson,Defender,Man Utd,3.8,14,0.0,0.0,0.0,0.0,0.0,0.0,0.0,0.0,0.0,0.0,0,19,3,0,0.14
447,Ayden Heaven,Defender,Man Utd,3.7,14,0.0,0.2,0.0,0.0,0.0,0.0,0.0,0.0,0.0,0.0,0,19,3,0,0.14
448,Tyrell Malacia,Defender,Man Utd,3.8,14,0.0,0.0,0.0,0.0,0.0,0.0,0.0,0.0,0.0,0.0,0,19,3,0,0.14
449,Bruno Borges Fernandes,Midfielder,Man Utd,9.8,14,8.333333333333334,8.4,90.0,0.3333333333333333,1.0,0.3333333333333333,1.3333333333333333,17.333333333333332,54.20000000000001,37.599999999999994,0,19,3,3,4.18
450,Matheus Santos Carneiro da Cunha,Midfielder,Man Utd,8.1,14,7.0,5.4,56.0,0.6666666666666666,0.0,0.6666666666666666,1.3333333333333333,15.0,10.566666666666666,25.933333333333334,0,19,3,3,3.57
452,Amad Diallo,Midfielder,Man Utd,6.2,14,2.0,1.8,89.0,0.0,0.0,0.3333333333333333,0.0,20.333333333333332,19.2,14.266666666666666,0,19,3,3,3.88
457,Carlos Henrique Casimiro,Midfielder,Man Utd,5.6,14,6.0,5.0,83.33333333333333,0.3333333333333333,0.3333333333333333,0.6666666666666666,1.0,24.0,21.76666666666667,35.73333333333333,0,19,3,3,3.82
458,Kobbie Mainoo,Midfielder,Man Utd,4.6,14,5.0,3.8,90.0,0.0,0.6666666666666666,0.3333333333333333,0.0,4.0,32.86666666666667,28.333333333333332,0,19,3,3,3.22
459,Manuel Ugarte Ribeiro,Midfielder,Man Utd,4.7,14,0.6666666666666666,1.0,6.0,0.0,0.0,0.0,0.0,0.0,0.8666666666666673,4.333333333333333,0,19,3,3,0.82
461,Jayce Fitzgerald,Midfielder,Man Utd,4.3,14,0.0,0.0,0.0,0.0,0.0,0.0,0.0,0.0,0.0,0.0,0,19,3,3,0.07
462,Jack Fletcher,Midfielder,Man Utd,4.3,14,0.0,0.0,0.0,0.0,0.0,0.0,0.0,0.0,0.0,0.0,0,19,3,3,0.07
466,Joshua Zirkzee,Forward,Man Utd,5.8,14,0.3333333333333333,0.4,1.0,0.0,0.0,0.0,0.0,0.6666666666666666,0.2333333333333333,0.06666666666666667,0,19,3,1,0.83
467,Chido Obi,Forward,Man Utd,4.2,14,0.0,0.0,0.0,0.0,0.0,0.0,0.0,0.0,0.0,0.0,0,19,3,1,0.08
681,Benjamin Sesko,Forward,Man Utd,7.2,14,2.6666666666666665,4.2,13.333333333333334,0.3333333333333333,0.0,0.0,0.3333333333333333,17.0,0.4333333333333322,10.733333333333334,0,19,3,1,2.25
733,Senne Lammens,Goalkeeper,Man Utd,5.0,14,3.3333333333333335,3.4,90.0,0.0,0.0,0.3333333333333333,0.0,0.0,0.0,20.533333333333335,0,19,3,2,3.33
755,Shea Lacey,Midfielder,Man Utd,4.5,14,0.0,0.2,0.0,0.0,0.0,0.0,0.0,0.0,0.0,0.0,0,19,3,3,0.09
769,Bendito Mantato,Midfielder,Man Utd,4.5,14,0.0,0.0,0.0,0.0,0.0,0.0,0.0,0.0,0.0,0.0,0,19,3,3,0.09
771,Tyler Fletcher,Midfielder,Man Utd,4.4,14,0.3333333333333333,0.2,0.3333333333333333,0.0,0.0,0.0,0.0,0.0,0.3333333333333333,0.13333333333333333,0,19,3,3,0.38
788,Godwill Kukonki,Defender,Man Utd,4.0,14,0.0,0.0,0.0,0.0,0.0,0.0,0.0,0.0,0.0,0.0,0,19,3,0,0.19
52,Jacob Ramsey,Midfielder,Newcastle,5.3,15,1.0,0.8,45.0,0.0,0.0,0.0,0.0,1.3333333333333333,1.833333333333334,3.599999999999999,0,4,5,3,1.88
469,Nick Pope,Goalkeeper,Newcastle,5.1,15,2.0,2.8,90.0,0.0,0.0,0.0,0.0,0.0,0.0,22.0,0,4,5,2,2.89
471,Mark Gillespie,Goalkeeper,Newcastle,3.9,15,0.0,0.0,0.0,0.0,0.0,0.0,0.0,0.0,0.0,0.0,0,4,5,2,0.0
473,Lewis Hall,Defender,Newcastle,5.3,15,1.3333333333333333,3.4,89.33333333333333,0.0,0.0,0.0,0.0,3.3333333333333335,21.766666666666666,22.2,0,4,5,0,3.2
476,Dan Burn,Defender,Newcastle,5.0,15,0.6666666666666666,0.4,31.0,0.0,0.0,0.0,0.0,2.0,0.4666666666666668,9.133333333333333,0,4,5,0,1.75
478,Kieran Trippier,Defender,Newcastle,4.9,15,1.0,1.8,86.33333333333333,0.0,0.0,0.0,0.0,0.0,33.166666666666664,18.466666666666665,0,4,5,0,2.39
481,Alex Murphy,Defender,Newcastle,3.8,15,0.3333333333333333,0.2,0.3333333333333333,0.0,0.0,0.0,0.0,0.0,0.0,0.7333333333333334,0,4,5,0,0.22
483,Miodrag Pivaš,Defender,Newcastle,3.8,15,0.0,0.0,0.0,0.0,0.0,0.0,0.0,0.0,0.0,0.0,0,4,5,0,0.04
485,Anthony Gordon,Midfielder,Newcastle,7.2,15,2.6666666666666665,2.4,50.666666666666664,0.3333333333333333,0.0,0.0,0.0,15.333333333333334,13.6,15.466666666666667,0,4,5,3,2.25
486,Anthony Elanga,Midfielder,Newcastle,6.5,15,1.3333333333333333,1.0,48.0,0.0,0.0,0.0,0.0,4.666666666666667,16.099999999999998,5.333333333333333,0,4,5,3,2.06
487,Harvey Barnes,Midfielder,Newcastle,6.1,15,2.0,4.8,84.0,0.0,0.0,0.0,0.0,12.666666666666666,6.533333333333334,0.39999999999999997,0,4,5,3,1.99
489,Jacob Murphy,Midfielder,Newcastle,5.9,15,0.3333333333333333,0.4,20.666666666666668,0.0,0.0,0.0,0.0,2.6666666666666665,3.766666666666666,0.5333333333333333,0,4,5,3,1.42
490,Joelinton Cássio Apolinário de Lira,Midfielder,Newcastle,5.9,15,0.0,2.2,15.666666666666666,0.0,0.0,0.0,0.0,2.0,4.133333333333334,1.8000000000000025,0,4,5,3,1.0
491,Sandro Tonali,Midfielder,Newcastle,5.3,15,2.6666666666666665,2.2,86.33333333333333,0.0,0.0,0.0,0.0,13.333333333333334,6.766666666666666,12.066666666666668,0,4,5,3,2.66
494,Joe Willock,Midfielder,Newcastle,5.0,15,1.3333333333333333,0.8,41.0,0.0,0.0,0.0,0.0,3.3333333333333335,0.9666666666666667,3.1999999999999997,0,4,5,3,1.74
500,William Osula,Forward,Newcastle,5.4,15,0.6666666666666666,0.4,10.333333333333334,0.0,0.0,0.0,0.0,0.6666666666666666,0.5333333333333333,0.39999999999999997,0,4,5,1,1.16
501,Sean Neave,Forward,Newcastle,4.3,15,0.0,0.0,0.0,0.0,0.0,0.0,0.0,0.0,0.0,0.0,0,4,5,1,0.03
674,Aaron Ramsdale,Goalkeeper,Newcastle,4.8,15,0.0,0.0,0.0,0.0,0.0,0.0,0.0,0.0,0.0,0.0,0,4,5,2,0.15
684,Malick Thiaw,Defender,Newcastle,5.0,15,0.6666666666666666,2.0,90.0,0.0,0.0,0.0,0.0,7.0,7.1000000000000005,15.200000000000001,0,4,5,0,3.49
689,Seung-Soo Park,Midfielder,Newcastle,4.3,15,0.0,0.0,0.0,0.0,0.0,0.0,0.0,0.0,0.0,0.0,0,4,5,3,0.02
714,Nick Woltemade,Forward,Newcastle,6.9,15,1.0,2.0,30.0,0.0,0.0,0.0,0.0,3.6666666666666665,1.6333333333333335,2.4000000000000012,0,4,5,1,2.0
753,John Ruddy,Goalkeeper,Newcastle,4.0,15,0.0,0.0,0.0,0.0,0.0,0.0,0.0,0.0,0.0,0.0,0,4,5,2,0.02
765,Leo Shahar,Defender,Newcastle,4.0,15,0.0,0.0,0.0,0.0,0.0,0.0,0.0,0.0,0.0,0.0,0,4,5,0,0.07
772,Sam Alabi,Midfielder,Newcastle,4.5,15,0.0,0.0,0.0,0.0,0.0,0.0,0.0,0.0,0.0,0.0,0,4,5,3,0.04
400,Stefan Ortega Moreno,Goalkeeper,Nott'm Forest,4.7,16,0.3333333333333333,0.2,30.0,0.0,0.0,0.0,0.0,0.0,0.0,6.2,1,3,3,2,1.71
426,James McAtee,Midfielder,Nott'm Forest,5.0,16,0.0,0.0,0.0,0.0,0.0,0.0,0.0,0.0,0.0,0.0,1,3,3,3,0.42
505,Nikola Milenković,Defender,Nott'm Forest,5.1,16,4.0,4.0,90.0,0.0,0.0,0.3333333333333333,0.0,1.3333333333333333,0.13333333333333272,17.399999999999995,1,3,3,0,3.38
507,Ola Aina,Defender,Nott'm Forest,4.7,16,4.666666666666667,4.2,90.0,0.0,0.3333333333333333,0.3333333333333333,0.6666666666666666,2.6666666666666665,3.6999999999999997,15.333333333333334,1,3,3,0,2.49
508,Neco Williams,Defender,Nott'm Forest,4.7,16,2.0,3.2,44.666666666666664,0.0,0.0,0.3333333333333333,0.0,1.3333333333333333,0.7000000000000001,8.333333333333334,1,3,3,0,1.96
510,Jair Paula da Cunha Filho,Defender,Nott'm Forest,4.2,16,0.0,0.0,0.0,0.0,0.0,0.0,0.0,0.0,0.0,0.0,1,3,3,0,0.13
511,Felipe Rodrigues da Silva,Defender,Nott'm Forest,4.3,16,1.6666666666666667,1.2,46.0,0.0,0.0,0.0,0.0,3.6666666666666665,0.10000000000000002,12.000000000000002,1,3,3,0,2.26
513,Zach Abbott,Defender,Nott'm Forest,3.8,16,0.3333333333333333,0.2,25.0,0.0,0.0,0.0,0.0,0.0,1.9000000000000001,3.266666666666667,1,3,3,0,1.11
515,Morgan Gibbs-White,Midfielder,Nott'm Forest,7.3,16,5.333333333333333,5.6,82.0,0.3333333333333333,0.3333333333333333,0.3333333333333333,0.3333333333333333,16.666666666666668,30.3,26.333333333333332,1,3,3,3,4.61
516,Callum Hudson-Odoi,Midfielder,Nott'm Forest,5.7,16,2.0,2.2,65.66666666666667,0.0,0.0,0.3333333333333333,0.0,5.666666666666667,10.233333333333333,6.6000000000000005,1,3,3,3,2.65
517,Elliot Anderson,Midfielder,Nott'm Forest,5.4,16,5.333333333333333,5.6,90.0,0.0,0.0,0.3333333333333333,1.0,6.333333333333333,28.566666666666663,21.799999999999994,1,3,3,3,4.29
519,Nicolás Domínguez,Midfielder,Nott'm Forest,5.0,16,1.6666666666666667,3.6,52.666666666666664,0.0,0.0,0.3333333333333333,0.0,12.666666666666666,1.8,8.666666666666666,1,3,3,3,2.05
521,Ibrahim Sangaré,Midfielder,Nott'm Forest,4.9,16,2.6666666666666665,2.2,90.0,0.0,0.0,0.3333333333333333,0.0,9.333333333333334,5.933333333333334,13.4,1,3,3,3,3.33
522,Ryan Yates,Midfielder,Nott'm Forest,4.7,16,0.6666666666666666,0.4,22.666666666666668,0.0,0.0,0.0,0.0,1.6666666666666667,7.1000000000000005,2.466666666666667,1,3,3,3,1.16
523,Eric da Silva Moreira,Midfielder,Nott'm Forest,4.5,16,0.0,0.0,0.0,0.0,0.0,0.0,0.0,0.0,0.0,0.0,1,3,3,3,0.1
526,Igor Jesus Maciel da Cruz,Forward,Nott'm Forest,5.8,16,4.0,3.2,63.0,0.3333333333333333,0.0,0.3333333333333333,1.0,24.666666666666668,1.5333333333333332,14.933333333333332,1,3,3,1,2.48
527,Taiwo Awoniyi,Forward,Nott'm Forest,5.2,16,2.0,1.2,7.333333333333333,0.3333333333333333,0.0,0.0,0.3333333333333333,11.0,0.43333333333333335,11.799999999999999,1,3,3,1,1.83
669,Dan Ndoye,Midfielder,Nott'm Forest,5.5,16,0.6666666666666666,0.6,14.333333333333334,0.0,0.0,0.0,0.0,4.0,8.799999999999999,3.0666666666666664,1,3,3,3,1.49
675,Angus Gunn,Goalkeeper,Nott'm Forest,4.0,16,0.3333333333333333,0.2,15.0,0.0,0.0,0.0,0.0,0.0,0.0,0.39999999999999997,1,3,3,2,0.96
693,Omari Hutchinson,Midfielder,Nott'm Forest,5.4,16,1.6666666666666667,1.4,21.666666666666668,0.0,0.3333333333333333,0.0,0.0,0.0,12.366666666666667,9.533333333333333,1,3,3,3,1.95
734,Dilane Bakwa,Midfielder,Nott'm Forest,5.9,16,0.0,0.2,0.0,0.0,0.0,0.0,0.0,0.0,0.0,0.0,1,3,3,3,0.58
805,Lorenzo Lucca,Forward,Nott'm Forest,5.5,16,2.5,2.5,18.0,0.5,0.0,0.0,0.0,9.5,0.55,16.0,1,3,3,1,1.92
814,Luca Netz,Defender,Nott'm Forest,4.5,16,1.0,1.0,14.0,0.0,0.0,0.0,0.0,2.0,1.1,1.0,1,3,3,0,1.41
529,Simon Moore,Goalkeeper,Sunderland,3.9,17,0.0,0.0,0.0,0.0,0.0,0.0,0.0,0.0,0.0,0.0,1,1,2,2,0.07
531,Daniel Ballard,Defender,Sunderland,4.6,17,4.0,3.4,90.0,0.0,0.0,0.3333333333333333,0.3333333333333333,6.0,4.333333333333333,22.733333333333334,1,1,2,0,3.29
532,Trai Hume,Defender,Sunderland,4.5,17,2.0,1.4,73.0,0.0,0.0,0.3333333333333333,0.0,5.333333333333333,7.833333333333333,6.0,1,1,2,0,2.71
535,Dennis Cirkin,Defender,Sunderland,4.0,17,0.3333333333333333,0.6,15.0,0.0,0.0,0.0,0.0,0.0,0.3666666666666667,2.0,1,1,2,0,1.09
539,Luke O'Nien,Defender,Sunderland,4.0,17,0.6666666666666666,0.6,3.6666666666666665,0.0,0.0,0.0,0.0,0.0,0.19999999999999998,0.3333333333333333,1,1,2,0,0.78
541,Reinildo Mandava,Defender,Sunderland,3.8,17,3.6666666666666665,2.6,75.0,0.0,0.3333333333333333,0.3333333333333333,0.6666666666666666,3.3333333333333335,9.133333333333335,15.4,1,1,2,0,2.11
544,Habib Diarra,Midfielder,Sunderland,5.3,17,5.0,3.0,71.33333333333333,0.3333333333333333,0.3333333333333333,0.3333333333333333,1.0,16.0,8.033333333333333,15.466666666666667,1,1,2,3,2.59
546,Milan Aleksić,Midfielder,Sunderland,4.9,17,0.0,0.0,0.0,0.0,0.0,0.0,0.0,0.0,0.0,0.0,1,1,2,3,0.45
547,Enzo Le Fée,Midfielder,Sunderland,4.9,17,3.0,3.4,90.0,0.0,0.0,0.3333333333333333,0.0,3.0,9.200000000000001,17.8,1,1,2,3,3.61
548,Romaine Mundle,Midfielder,Sunderland,4.9,17,1.0,1.2,27.0,0.0,0.0,0.0,0.0,1.3333333333333333,0.6666666666666666,1.4666666666666668,1,1,2,3,1.57
550,Ian Poveda-Ocampo,Midfielder,Sunderland,4.8,17,0.0,0.0,0.0,0.0,0.0,0.0,0.0,0.0,0.0,0.0,1,1,2,3,0.25
551,Chris Rigg,Midfielder,Sunderland,4.7,17,0.0,0.2,0.0,0.0,0.0,0.0,0.0,0.0,0.0,0.0,1,1,2,3,0.18
552,Noah Sadiki,Midfielder,Sunderland,4.9,17,2.6666666666666665,2.6,83.33333333333333,0.0,0.0,0.3333333333333333,0.0,3.3333333333333335,6.066666666666666,10.066666666666666,1,1,2,3,2.59
553,Chemsdine Talbi,Midfielder,Sunderland,4.9,17,3.6666666666666665,2.2,62.333333333333336,0.3333333333333333,0.0,0.3333333333333333,0.0,12.333333333333334,14.233333333333334,16.0,1,1,2,3,3.11
554,Abdoullah Ba,Midfielder,Sunderland,4.3,17,0.0,0.0,0.0,0.0,0.0,0.0,0.0,0.0,0.0,0.0,1,1,2,3,0.09
557,Harrison Jones,Midfielder,Sunderland,4.3,17,0.0,0.0,0.0,0.0,0.0,0.0,0.0,0.0,0.0,0.0,1,1,2,3,0.09
560,Wilson Isidor,Forward,Sunderland,5.1,17,1.0,0.6,10.0,0.0,0.0,0.0,0.0,9.333333333333334,0.13333333333333364,1.3333333333333333,1,1,2,1,1.42
561,Eliezer Mayenda Dossou,Forward,Sunderland,5.2,17,0.6666666666666666,0.8,24.666666666666668,0.0,0.0,0.0,0.0,1.3333333333333333,0.43333333333333335,0.7333333333333334,1,1,2,1,1.34
562,Ahmed Abdullahi,Forward,Sunderland,4.2,17,0.0,0.0,0.0,0.0,0.0,0.0,0.0,0.0,0.0,0.0,1,1,2,1,0.1
670,Robin Roefs,Goalkeeper,Sunderland,4.9,17,2.6666666666666665,2.4,90.0,0.0,0.0,0.3333333333333333,0.0,0.0,0.0,14.933333333333337,1,1,2,2,3.04
683,Omar Alderete,Defender,Sunderland,4.1,17,2.6666666666666665,2.0,88.33333333333333,0.0,0.0,0.3333333333333333,0.0,1.3333333333333333,10.766666666666666,18.333333333333332,1,1,2,0,2.34
694,Nordi Mukiele,Defender,Sunderland,4.6,17,4.666666666666667,4.6,87.33333333333333,0.0,0.6666666666666666,0.3333333333333333,0.0,4.333333333333333,15.4,17.066666666666666,1,1,2,0,3.48
724,Lutsharel Geertruida,Defender,Sunderland,4.5,17,0.6666666666666666,0.6,9.666666666666666,0.0,0.0,0.0,0.0,0.6666666666666666,4.166666666666667,1.5333333333333332,1,1,2,0,1.1
730,Brian Brobbey,Forward,Sunderland,5.5,17,3.3333333333333335,4.2,84.33333333333333,0.3333333333333333,0.0,0.3333333333333333,0.3333333333333333,15.333333333333334,8.4,14.866666666666669,1,1,2,1,3.08
774,Jenson Jones,Defender,Sunderland,4.0,17,0.0,0.0,0.0,0.0,0.0,0.0,0.0,0.0,0.0,0.0,1,1,2,0,0.14
800,Djiamgone Jocelin Ta Bi,Midfielder,Sunderland,5.0,17,0.0,0.0,0.0,0.0,0.0,0.0,0.0,0.0,0.0,0.0,1,1,2,3,0.46
812,Melker Ellborg,Goalkeeper,Sunderland,4.0,17,0.0,0.0,0.0,0.0,0.0,0.0,0.0,0.0,0.0,0.0,1,1,2,2,0.09
813,Nilson Angulo,Midfielder,Sunderland,5.0,17,1.0,1.0,5.0,0.0,0.0,0.0,0.0,0.0,14.5,2.0,1,1,2,3,2.05
565,Guglielmo Vicario,Goalkeeper,Spurs,4.7,18,1.6666666666666667,1.4,90.0,0.0,0.0,0.0,0.0,0.0,0.0,25.399999999999995,1,0,4,2,2.67
566,Brandon Austin,Goalkeeper,Spurs,3.9,18,0.0,0.0,0.0,0.0,0.0,0.0,0.0,0.0,0.0,0.0,1,0,4,2,0.0
567,Antonín Kinský,Goalkeeper,Spurs,3.9,18,0.0,0.0,0.0,0.0,0.0,0.0,0.0,0.0,0.0,0.0,1,0,4,2,0.0
572,Radu Drăgușin,Defender,Spurs,4.5,18,0.6666666666666666,0.4,49.666666666666664,0.0,0.0,0.0,0.0,0.6666666666666666,0.16666666666666666,5.8,1,0,4,0,2.25
573,Djed Spence,Defender,Spurs,4.2,18,0.3333333333333333,0.6,30.0,0.0,0.0,0.0,0.0,10.0,12.433333333333332,12.066666666666668,1,0,4,0,1.73
575,Micky van de Ven,Defender,Spurs,4.5,18,2.6666666666666665,1.6,60.0,0.3333333333333333,0.0,0.0,0.0,8.666666666666666,1.0999999999999999,23.666666666666668,1,0,4,0,2.33
584,Mathys Tel,Midfielder,Spurs,6.2,18,1.0,3.0,14.666666666666666,0.0,0.0,0.0,0.0,13.333333333333334,4.033333333333334,2.0000000000000004,1,0,4,3,1.44
587,Yves Bissouma,Midfielder,Spurs,5.2,18,2.0,1.4,51.333333333333336,0.0,0.0,0.0,0.0,0.3333333333333333,2.8000000000000003,8.2,1,0,4,3,1.86
591,Archie Gray,Midfielder,Spurs,4.8,18,1.6666666666666667,1.2,64.0,0.0,0.0,0.0,0.0,2.0,1.4666666666666668,7.599999999999999,1,0,4,3,2.07
593,Pape Matar Sarr,Midfielder,Spurs,4.5,18,1.0,0.6,45.0,0.0,0.0,0.0,0.0,2.0,1.9333333333333333,11.533333333333333,1,0,4,3,2.92
595,Callum Olusesi,Midfielder,Spurs,4.3,18,0.0,0.0,0.0,0.0,0.0,0.0,0.0,0.0,0.0,0.0,1,0,4,3,0.0
596,Dominic Solanke-Mitchell,Forward,Spurs,7.2,18,5.333333333333333,3.4,86.0,0.6666666666666666,0.0,0.0,1.0,31.666666666666668,12.333333333333334,27.066666666666666,1,0,4,1,3.14
673,João Maria Lobo Alves Palhares Costa Palhinha Gonçalves,Midfielder,Spurs,5.5,18,1.6666666666666667,2.8,56.333333333333336,0.0,0.0,0.0,0.0,3.0,0.6666666666666673,12.666666666666666,1,0,4,3,2.16
717,Xavi Simons,Midfielder,Spurs,6.5,18,4.0,3.8,90.0,0.0,0.3333333333333333,0.0,0.6666666666666666,17.0,40.0,21.46666666666667,1,0,4,3,2.97
726,Randal Kolo Muani,Forward,Spurs,6.9,18,1.0,1.2,25.666666666666668,0.0,0.0,0.0,0.0,3.3333333333333335,0.16666666666666666,0.7999999999999999,1,0,4,1,2.07
745,Jun'ai Byfield,Defender,Spurs,4.0,18,0.3333333333333333,0.2,0.3333333333333333,0.0,0.0,0.0,0.0,0.0,0.16666666666666666,0.13333333333333333,1,0,4,0,0.37
750,James Rowswell,Defender,Spurs,4.0,18,0.0,0.0,0.0,0.0,0.0,0.0,0.0,0.0,0.0,0.0,1,0,4,0,0.05
790,Lucá Williams-Barnett,Midfielder,Spurs,4.5,18,0.0,0.0,0.0,0.0,0.0,0.0,0.0,0.0,0.0,0.0,1,0,4,3,0.05
796,Conor Gallagher,Midfielder,Spurs,5.4,18,3.6666666666666665,3.25,84.33333333333333,0.0,0.3333333333333333,0.0,0.0,19.0,19.433333333333334,20.066666666666666,1,0,4,3,1.79
804,João Victor de Souza Menezes,Defender,Spurs,4.0,18,0.5,0.5,17.5,0.0,0.0,0.0,0.0,0.0,5.15,3.0,1,0,4,0,0.75
811,Rio Kyerematen,Midfielder,Spurs,4.5,18,0.0,0.0,0.0,0.0,0.0,0.0,0.0,0.0,0.0,0.0,1,0,4,3,0.05
326,Adama Traoré Diarra,Midfielder,West Ham,5.1,19,0.3333333333333333,0.4,3.3333333333333335,0.0,0.0,0.0,0.0,0.0,0.13333333333333333,0.13333333333333333,1,14,3,3,0.9
600,Alphonse Areola,Goalkeeper,West Ham,4.3,19,1.3333333333333333,1.8,60.0,0.0,0.0,0.0,0.0,0.0,0.0,8.4,1,14,3,2,1.91
603,El Hadji Malick Diouf,Defender,West Ham,4.0,19,3.6666666666666665,2.2,59.333333333333336,0.0,0.3333333333333333,0.3333333333333333,0.3333333333333333,0.0,13.533333333333337,19.533333333333335,1,14,3,0,2.16
605,Maximilian Kilman,Defender,West Ham,4.2,19,0.3333333333333333,0.4,8.333333333333334,0.0,0.0,0.0,0.0,0.0,0.06666666666666667,3.8666666666666667,1,14,3,0,0.82
606,Konstantinos Mavropanos,Defender,West Ham,4.4,19,4.333333333333333,3.8,90.0,0.0,0.0,0.3333333333333333,0.0,1.6666666666666667,0.3333333333333333,21.666666666666668,1,14,3,0,3.36
608,Ollie Scarles,Defender,West Ham,4.3,19,2.0,2.4,30.0,0.0,0.3333333333333333,0.0,0.0,1.3333333333333333,0.39999999999999997,7.066666666666666,1,14,3,0,1.73
609,Jean-Clair Todibo,Defender,West Ham,4.3,19,0.6666666666666666,1.6,60.0,0.0,0.0,0.0,0.0,2.3333333333333335,0.4666666666666666,10.333333333333334,1,14,3,0,2.35
610,Aaron Wan-Bissaka,Defender,West Ham,4.1,19,5.666666666666667,4.2,90.0,0.0,0.6666666666666666,0.3333333333333333,0.0,2.0,13.666666666666666,31.466666666666665,1,14,3,0,4.09
613,Tomáš Souček,Midfielder,West Ham,5.7,19,2.3333333333333335,3.2,90.0,0.0,0.0,0.3333333333333333,0.0,4.0,9.4,10.333333333333336,1,14,3,3,4.43
615,Crysencio Summerville,Midfielder,West Ham,5.6,19,8.666666666666666,8.0,90.0,1.0,0.0,0.3333333333333333,1.3333333333333333,33.666666666666664,13.799999999999999,41.666666666666664,1,14,3,3,3.45
624,Jarrod Bowen,Forward,West Ham,7.6,19,7.333333333333333,5.4,86.66666666666667,0.6666666666666666,0.3333333333333333,0.3333333333333333,1.6666666666666667,20.666666666666668,16.666666666666664,39.666666666666664,1,14,3,1,4.61
659,Kyle Walker-Peters,Defender,West Ham,4.2,19,0.3333333333333333,0.2,0.3333333333333333,0.0,0.0,0.0,0.0,0.0,0.0,0.3333333333333333,1,14,3,0,0.38
671,Callum Wilson,Forward,West Ham,5.8,19,1.0,1.8,30.0,0.0,0.0,0.0,0.0,5.333333333333333,3.8000000000000003,2.4,1,14,3,1,2.14
679,Mads Hermansen,Goalkeeper,West Ham,4.2,19,3.3333333333333335,2.0,30.0,0.0,0.0,0.3333333333333333,1.0,0.0,0.0,10.733333333333334,1,14,3,2,1.52
708,Mateus Gonçalo Espanha Fernandes,Midfielder,West Ham,5.5,19,6.666666666666667,6.2,90.0,0.3333333333333333,0.3333333333333333,0.3333333333333333,0.6666666666666666,7.333333333333333,16.900000000000002,31.599999999999998,1,14,3,3,3.81
718,Soungoutou Magassa,Midfielder,West Ham,5.0,19,0.0,0.0,0.0,0.0,0.0,0.0,0.0,0.0,0.0,0.0,1,14,3,3,0.49
747,Ezra Mayers,Defender,West Ham,4.0,19,0.0,0.2,0.0,0.0,0.0,0.0,0.0,0.0,0.0,0.0,1,14,3,0,0.16
752,Airidas Golambeckis,Defender,West Ham,4.0,19,0.0,0.0,0.0,0.0,0.0,0.0,0.0,0.0,0.0,0.0,1,14,3,0,0.16
758,Mohamadou Kanté,Midfielder,West Ham,4.5,19,0.0,0.0,0.0,0.0,0.0,0.0,0.0,0.0,0.0,0.0,1,14,3,3,0.13
791,Valentín Castellanos,Forward,West Ham,5.5,19,4.0,3.0,75.66666666666667,0.3333333333333333,0.3333333333333333,0.3333333333333333,0.0,33.333333333333336,5.433333333333334,19.2,1,14,3,1,3.14
802,Keiber Lamadrid,Midfielder,West Ham,5.0,19,0.0,0.0,0.0,0.0,0.0,0.0,0.0,0.0,0.0,0.0,1,14,3,3,0.49
815,Axel Disasi,Defender,West Ham,4.5,19,6.0,6.0,90.0,0.0,0.0,1.0,0.0,9.0,0.2,16.8,1,14,3,0,2.23
627,Sam Johnstone,Goalkeeper,Wolves,4.4,20,0.0,0.0,0.0,0.0,0.0,0.0,0.0,0.0,0.0,0.0,0,18,3,2,0.07
628,José Malheiro de Sá,Goalkeeper,Wolves,4.2,20,5.0,4.6,90.0,0.0,0.0,0.3333333333333333,1.0,0.0,0.0,40.199999999999996,0,18,3,2,1.98
629,Daniel Bentley,Goalkeeper,Wolves,3.9,20,0.0,0.0,0.0,0.0,0.0,0.0,0.0,0.0,0.0,0.0,0,18,3,2,0.06
632,Matt Doherty,Defender,Wolves,4.4,20,0.0,0.0,15.0,0.0,0.0,0.0,0.0,0.0,0.09999999999999999,2.066666666666667,0,18,3,0,0.99
633,Hugo Bueno López,Defender,Wolves,4.3,20,1.3333333333333333,2.2,79.0,0.0,0.0,0.0,0.0,5.0,20.333333333333336,11.933333333333332,0,18,3,0,2.2
634,Yerson Mosquera Valdelamar,Defender,Wolves,4.3,20,2.3333333333333335,3.0,90.0,0.0,0.0,0.3333333333333333,0.0,8.333333333333334,4.433333333333334,14.533333333333333,0,18,3,0,2.43
635,Rodrigo Martins Gomes,Defender,Wolves,4.4,20,1.3333333333333333,1.2,58.0,0.0,0.0,0.0,0.0,10.333333333333334,6.166666666666667,10.399999999999999,0,18,3,0,1.66
636,Santiago Ignacio Bueno,Defender,Wolves,4.4,20,3.0,3.2,89.33333333333333,0.0,0.0,0.3333333333333333,0.0,3.0,5.066666666666667,14.200000000000001,0,18,3,0,2.59
640,Pedro Cardoso de Lima,Defender,Wolves,4.0,20,0.6666666666666666,0.4,0.6666666666666666,0.0,0.0,0.0,0.0,0.6666666666666666,0.13333333333333333,0.0,0,18,3,0,0.66
643,André Trindade da Costa Neto,Midfielder,Wolves,5.2,20,1.0,1.2,26.333333333333332,0.0,0.0,0.0,0.0,0.3333333333333333,4.6000000000000005,4.199999999999998,0,18,3,3,1.21
644,Jean-Ricner Bellegarde,Midfielder,Wolves,5.1,20,0.6666666666666666,0.4,14.0,0.0,0.0,0.0,0.0,2.0,7.033333333333334,2.266666666666667,0,18,3,3,1.07
646,João Victor Gomes da Silva,Midfielder,Wolves,5.3,20,3.3333333333333335,3.2,90.0,0.0,0.0,0.3333333333333333,0.0,5.666666666666667,9.4,14.933333333333332,0,18,3,3,3.71
651,Tom Edozie,Midfielder,Wolves,4.3,20,0.0,0.0,0.0,0.0,0.0,0.0,0.0,0.0,0.0,0.0,0,18,3,3,0.06
652,Enso González Medina,Midfielder,Wolves,4.3,20,0.0,0.0,0.0,0.0,0.0,0.0,0.0,0.0,0.0,0.0,0,18,3,3,0.06
658,Nathan Fraser,Forward,Wolves,4.2,20,0.0,0.0,0.0,0.0,0.0,0.0,0.0,0.0,0.0,0.0,0,18,3,1,0.07
682,David Møller Wolfe,Defender,Wolves,4.2,20,0.6666666666666666,0.4,10.333333333333334,0.0,0.0,0.0,0.0,0.0,1.4666666666666666,2.1999999999999997,0,18,3,0,0.78
695,Jackson Tchatchoua,Defender,Wolves,4.4,20,0.0,1.2,10.0,0.0,0.0,0.0,0.0,0.0,0.0,1.7333333333333334,0,18,3,0,0.78
709,Ladislav Krejcí,Defender,Wolves,4.5,20,3.0,3.2,45.666666666666664,0.0,0.0,0.3333333333333333,0.0,0.6666666666666666,0.13333333333333333,8.133333333333338,0,18,3,0,2.37
720,Tolu Arokodare,Forward,Wolves,5.4,20,4.0,3.0,90.0,0.3333333333333333,0.0,0.3333333333333333,0.6666666666666666,45.666666666666664,7.333333333333332,19.866666666666667,0,18,3,1,1.82
749,Mateus Mané,Forward,Wolves,4.6,20,2.0,2.0,90.0,0.0,0.0,0.3333333333333333,0.0,21.0,21.233333333333334,15.799999999999999,0,18,3,1,2.95
766,Saheed Olagunju,Defender,Wolves,4.0,20,0.0,0.0,0.0,0.0,0.0,0.0,0.0,0.0,0.0,0.0,0,18,3,0,0.13
767,Luke Rawlings,Midfielder,Wolves,4.5,20,0.0,0.0,0.0,0.0,0.0,0.0,0.0,0.0,0.0,0.0,0,18,3,3,0.09
778,Ethan Sutherland,Midfielder,Wolves,4.5,20,0.0,0.0,0.0,0.0,0.0,0.0,0.0,0.0,0.0,0.0,0,18,3,3,0.09
809,Jerome Abbey,Midfielder,Wolves,4.5,20,0.0,0.0,0.0,0.0,0.0,0.0,0.0,0.0,0.0,0.0,0,18,3,3,0.09
816,Angel Gomes,Midfielder,Wolves,5.0,20,2.5,2.5,77.5,0.0,0.0,0.5,0.0,5.0,18.85,16.2,0,18,3,3,2.31
817,Adam Armstrong,Forward,Wolves,5.5,20,3.0,3.0,90.0,0.0,0.5,0.5,0.0,3.0,16.450000000000003,14.8,0,18,3,1,4.35
